BCPNCO_00005	JDIFCN_08180	45.0	453	230	5	6	439	4	456	8.10e-125	367
BCPNCO_00010	LMJHIN_04880	49.3	365	183	2	1	364	1	364	2.27e-116	338
BCPNCO_00010	IMLPOL_04765	37.3	367	226	4	1	363	1	367	4.31e-79	243
BCPNCO_00010	EEOPDA_06730	34.7	372	236	5	1	366	1	371	3.55e-75	233
BCPNCO_00020	IBIBLP_21290	42.5	362	201	3	1	360	54	410	1.93e-99	297
BCPNCO_00030	IDJOEI_11860	54.8	735	225	7	8	637	15	747	8.06e-272	759
BCPNCO_00030	NLLOJM_03475	34.2	661	401	10	4	635	3	658	7.44e-115	354
BCPNCO_00035	GJDIKO_00030	61.1	804	309	3	3	803	4	806	0.0	897
BCPNCO_00035	CIIHGC_05655	43.4	671	345	8	6	652	4	663	1.71e-165	499
BCPNCO_00035	EHJFJN_05890	34.1	687	412	17	12	685	5	663	1.63e-108	345
BCPNCO_00070	FNINNI_00085	54.1	170	77	1	3	171	3	172	1.08e-58	177
BCPNCO_00075	IBMCCN_00075	45.8	914	457	9	1	906	1	884	5.87e-283	803
BCPNCO_00085	HNGOGK_09900	26.1	482	325	9	3	462	2	474	4.19e-48	168
BCPNCO_00100	CDILFK_05205	42.7	293	154	3	22	304	44	332	9.39e-66	212
BCPNCO_00105	AIAJBN_19275	49.0	412	207	1	1	412	1	409	6.78e-147	420
BCPNCO_00110	BEHLNB_17435	41.8	423	238	6	1	420	28	445	9.46e-107	319
BCPNCO_00130	BEHLNB_17435	63.8	428	148	3	1	424	28	452	1.11e-187	525
BCPNCO_00135	HEEEIG_03320	60.7	364	139	1	1	360	1	364	1.26e-170	476
BCPNCO_00180	JHFIBJ_16095	40.8	590	319	9	3	573	3	581	5.55e-137	420
BCPNCO_00180	AHNHLJ_13685	36.3	571	346	7	3	571	4	558	5.17e-121	365
BCPNCO_00195	IHMAMP_18595	61.0	295	114	1	1	294	1	295	1.42e-133	377
BCPNCO_00380	LKLDMN_19325	39.6	222	129	3	1	222	1	217	8.84e-49	157
BCPNCO_00435	LLGOHG_04120	41.3	288	162	2	12	292	2	289	3.66e-73	223
BCPNCO_00500	FDDOCG_07575	45.5	312	169	1	1	312	1	311	8.78e-97	285
BCPNCO_00500	HPIFBD_01690	32.3	297	189	4	29	316	26	319	1.86e-49	164
BCPNCO_00510	FOLEJH_19415	66.6	326	108	1	5	330	3	327	3.73e-162	452
BCPNCO_00540	KEIMNK_01000	39.4	287	168	4	5	288	156	439	1.38e-58	190
BCPNCO_00545	NLFOCH_03850	36.8	486	298	7	3	482	2	484	6.69e-94	290
BCPNCO_00550	KJBCNO_05935	42.9	415	224	3	3	417	4	405	2.94e-114	337
BCPNCO_00555	KAEPKB_01145	58.6	319	132	0	1	319	15	333	2.27e-135	384
BCPNCO_00570	NHIAMB_19525	36.4	404	245	4	17	408	134	537	1.53e-79	251
BCPNCO_00570	MDIEPL_13060	33.1	423	268	6	2	409	99	521	1.57e-78	248
BCPNCO_00595	OODMEK_16380	41.0	210	113	3	16	220	15	218	1.93e-46	152
BCPNCO_00615	GAOLHI_08600	45.3	190	104	0	282	471	7	196	1.82e-45	154
BCPNCO_00620	EDPPFC_05720	52.9	244	112	2	1	243	1	242	2.95e-84	248
BCPNCO_00650	PPECAL_01620	37.4	735	359	14	4	646	2	727	2.97e-145	436
BCPNCO_00650	EDPPFC_12330	38.0	387	226	6	262	642	328	706	3.22e-82	270
BCPNCO_00665	BDJIAA_08435	44.4	268	145	4	4	270	1	265	6.14e-70	213
BCPNCO_00675	KCGDMB_01205	54.5	145	64	2	4	147	6	149	3.28e-49	151
BCPNCO_00705	MLIPEK_01420	47.8	293	152	1	3	295	2	293	1.46e-90	283
BCPNCO_00715	LKEOCB_18860	61.1	198	76	1	1	198	1	197	1.60e-94	270
BCPNCO_00775	LMAAGL_07260	61.3	212	81	1	4	215	3	213	7.10e-91	267
BCPNCO_00815	LMAAGL_07260	58.6	215	88	1	3	217	2	215	4.30e-86	255
BCPNCO_00820	GFMNBM_18445	53.4	221	102	1	9	228	4	224	3.21e-78	231
BCPNCO_00840	PPDBCL_05260	37.8	262	160	1	126	384	120	381	2.05e-58	191
BCPNCO_00905	FOHGMI_14860	52.4	231	96	4	249	479	2	218	9.48e-60	197
BCPNCO_00925	PNJNHA_06825	52.1	609	286	4	1	608	1	604	1.21e-215	610
BCPNCO_00955	LKLDMN_19325	46.3	216	111	3	9	223	8	219	7.62e-58	180
BCPNCO_00975	FIPDDK_10380	42.7	267	152	1	1	266	8	274	8.80e-67	206
BCPNCO_00980	KJKCNM_14465	37.1	318	175	6	1	310	22	322	1.02e-67	211
BCPNCO_01010	OGGMNN_00110	46.8	297	157	1	1	297	23	318	5.69e-86	257
BCPNCO_01020	MFKGBO_06890	38.2	319	183	2	1	319	1	305	3.44e-68	212
BCPNCO_01020	DNHLFN_07150	30.9	320	203	2	1	320	1	302	9.86e-45	151
BCPNCO_01025	JIBABB_11530	41.5	299	166	3	2	300	52	341	2.25e-68	213
BCPNCO_01025	ADMHII_10200	39.7	247	131	3	71	301	213	457	1.07e-49	167
BCPNCO_01030	NEEMKD_13085	39.6	227	130	4	97	318	1	225	2.36e-47	155
BCPNCO_01035	NEEMKD_13085	58.0	226	91	3	98	319	1	226	4.23e-87	257
BCPNCO_01075	ELHJGG_11730	58.9	241	97	1	1	241	1	239	4.61e-93	270
BCPNCO_01080	OBLGAK_01710	37.0	343	205	6	43	376	35	375	2.80e-62	201
BCPNCO_01110	OEDLLD_10520	37.7	310	171	5	10	305	7	308	3.73e-58	187
BCPNCO_01110	NEALDO_03765	35.2	301	192	2	8	305	4	304	2.48e-55	179
BCPNCO_01185	IAJJHN_03140	43.8	317	172	5	8	323	2	313	1.48e-86	259
BCPNCO_01195	NPKNPB_15660	43.8	256	137	4	4	255	1	253	1.97e-71	219
BCPNCO_01210	NEHECH_08975	47.0	332	171	4	2	329	1	331	2.59e-97	288
BCPNCO_01210	GGKJAP_00545	31.6	335	213	10	3	328	477	804	3.81e-44	157
BCPNCO_01240	OEJBDN_14890	69.0	377	117	0	1	377	1	377	9.44e-198	546
BCPNCO_01245	GMHKEG_18370	46.0	248	128	3	1	245	1	245	4.78e-81	240
BCPNCO_01250	INKIHH_07930	50.4	375	182	3	1	372	1	374	1.17e-124	360
BCPNCO_01255	PHBJAG_07175	49.3	223	110	2	1	220	1	223	4.38e-72	216
BCPNCO_01265	LKLDMN_19325	43.9	223	119	3	1	223	1	217	2.53e-59	184
BCPNCO_01315	BIKKBB_00065	34.1	308	191	6	1	304	1	300	1.06e-47	159
BCPNCO_01325	BKMNND_07850	47.9	474	220	8	3	455	186	653	1.72e-126	378
BCPNCO_01335	KJKCNM_14465	35.3	309	188	5	2	308	22	320	7.10e-55	177
BCPNCO_01335	LMAAGL_07260	39.8	211	122	2	2	211	3	209	1.77e-45	150
BCPNCO_01355	AEOGEB_09245	44.7	206	109	2	1	206	6	206	2.86e-59	181
BCPNCO_01355	KIBBKD_19165	47.2	212	102	3	1	207	1	207	7.06e-57	175
BCPNCO_01360	KJKCNM_14465	37.1	315	178	6	2	310	22	322	1.89e-58	187
BCPNCO_01380	LKLDMN_19325	42.8	222	115	5	5	222	4	217	2.52e-57	178
BCPNCO_01400	EBDDCO_13450	61.1	126	48	1	1	126	1	125	1.51e-53	160
BCPNCO_01415	HDCAKM_06170	41.2	262	151	3	3	264	7	265	4.40e-66	204
BCPNCO_01465	LLGOHG_10015	47.9	236	119	2	2	237	3	234	1.01e-77	231
BCPNCO_01480	LBBLIC_10685	43.3	238	125	2	5	232	4	241	1.10e-65	200
BCPNCO_01485	OEDLLD_10335	48.1	308	157	1	5	312	6	310	1.69e-104	304
BCPNCO_01490	EBLBNC_01455	45.2	239	126	2	1	239	1	234	5.06e-73	219
BCPNCO_01490	NEHECH_03510	36.1	241	143	4	1	241	1	230	1.47e-46	151
BCPNCO_01515	CPMPBM_09225	54.6	555	242	4	1	554	1	546	5.47e-213	599
BCPNCO_01520	AAIDMG_03410	65.8	465	159	0	1	465	41	505	3.01e-223	620
BCPNCO_01560	BEIPKJ_08610	53.3	435	200	1	5	436	5	439	4.64e-164	466
BCPNCO_01565	JIBABB_11780	45.5	246	133	1	2	246	4	249	2.71e-69	210
BCPNCO_01580	AHOMGJ_00200	54.7	415	185	2	6	420	3	414	3.29e-160	454
BCPNCO_01590	IBDNDD_05395	53.7	242	111	1	1	242	1	241	2.97e-91	265
BCPNCO_01595	CNNHAB_04465	42.1	399	227	3	1	396	1	398	2.84e-105	313
BCPNCO_01595	KIFOBE_00585	30.6	395	264	5	1	391	1	389	4.90e-64	207
BCPNCO_01610	LMAAGL_07260	46.8	237	118	3	5	240	3	232	1.09e-61	190
BCPNCO_01610	NEHECH_03510	38.3	235	133	4	8	239	4	229	1.94e-46	150
BCPNCO_01615	AFPHBC_07675	63.6	110	40	0	1	110	14	123	1.08e-48	152
BCPNCO_01690	AHGGGF_14050	45.5	301	157	4	4	301	5	301	2.18e-85	255
BCPNCO_01695	GAOLHI_00175	49.2	319	152	5	1	315	1	313	7.57e-94	277
BCPNCO_01710	MKABCP_07780	34.1	469	300	7	5	468	10	474	6.56e-75	240
BCPNCO_01710	NIIHOH_23285	28.7	421	236	10	6	378	4	408	3.11e-49	173
BCPNCO_01715	CNNHAB_09490	51.5	194	83	3	1	191	1	186	1.05e-64	194
BCPNCO_01730	AEGBGH_08240	42.0	255	147	1	1	254	1	255	2.16e-64	204
BCPNCO_01760	GCBDME_20340	46.2	273	144	1	3	275	2	271	1.95e-84	251
BCPNCO_01800	CPHDEA_05610	51.4	175	83	2	1	175	5	177	9.08e-58	175
BCPNCO_01810	MDJFIL_01580	51.3	152	72	2	179	330	1	150	2.01e-48	156
BCPNCO_01825	LKLDMN_19325	46.8	216	113	1	5	220	4	217	4.08e-69	207
BCPNCO_01825	EDPPFC_05720	40.3	221	124	4	5	223	7	221	5.02e-49	157
BCPNCO_01845	ALJKBN_18190	48.2	280	126	4	382	652	330	599	7.98e-78	256
BCPNCO_01865	LFFHHF_03375	46.3	406	213	4	13	414	97	501	4.72e-118	351
BCPNCO_01880	HJGNEK_09000	35.5	591	344	12	13	593	17	580	2.42e-102	320
BCPNCO_01880	BPPMOK_10790	30.2	633	364	19	14	593	47	654	1.36e-69	234
BCPNCO_01885	FCCLFG_02395	38.9	283	149	9	9	268	7	288	1.35e-52	175
BCPNCO_01890	ACAFCJ_09955	53.6	183	83	1	7	189	10	190	1.75e-52	163
BCPNCO_01995	CGCKMD_14990	39.9	1124	573	31	2	1079	5	1071	1.99e-227	686
BCPNCO_02035	JBCEHI_12990	45.2	252	127	6	13	258	2	248	7.37e-59	184
BCPNCO_02035	JHLGGO_08550	40.4	255	141	4	13	258	14	266	1.87e-53	171
BCPNCO_02075	KKMOGI_03320	35.6	402	222	12	27	425	46	413	1.31e-74	235
BCPNCO_02075	LKAFFP_03145	30.2	401	233	9	18	409	16	378	9.99e-50	169
BCPNCO_02090	PHBJAG_07175	49.6	226	113	1	1	225	1	226	2.62e-77	229
BCPNCO_02100	LKLDMN_19325	40.3	221	124	4	21	240	4	217	9.66e-49	157
BCPNCO_02110	NKLDCP_09645	43.3	383	213	3	5	384	6	387	1.73e-105	312
BCPNCO_02110	MNPOJG_01295	35.7	398	234	10	5	383	24	418	5.46e-73	230
BCPNCO_02125	EDPPFC_05720	55.6	234	102	1	8	241	11	242	1.79e-87	256
BCPNCO_02160	IDAAGF_01625	33.8	485	283	14	3	469	277	741	4.03e-76	249
BCPNCO_02180	NHIAMB_19525	28.7	422	255	8	8	384	117	537	9.52e-59	196
BCPNCO_02185	NHIAMB_19525	30.2	421	250	10	1	377	116	536	1.58e-57	192
BCPNCO_02255	HEMAGP_10015	33.1	272	167	4	20	279	1	269	1.22e-41	157
BCPNCO_02325	DEAMOH_15020	46.8	220	110	1	1	213	1	220	7.61e-68	204
BCPNCO_02325	EGEPOE_04770	40.9	215	126	1	2	216	5	218	3.30e-53	172
BCPNCO_02350	MMNNJC_09750	37.6	457	259	11	3	439	4	454	5.08e-90	284
BCPNCO_02355	POKEEB_12070	41.6	320	172	8	1	313	1	312	5.22e-69	214
BCPNCO_02360	KCDKMK_07335	40.4	332	183	6	24	347	23	347	2.69e-77	244
BCPNCO_02365	CPJNAH_18580	34.9	312	172	5	1	283	1	310	3.94e-59	187
BCPNCO_02370	OFOEJC_06820	37.8	291	176	3	17	303	5	294	6.01e-57	182
BCPNCO_02385	ODKGDC_03515	48.5	229	117	1	8	236	5	232	2.46e-71	215
BCPNCO_02390	IINDLL_05235	34.1	273	171	3	21	286	17	287	5.75e-46	153
BCPNCO_02405	JLNLFB_04605	53.9	154	71	0	1	154	231	384	9.23e-53	168
BCPNCO_02420	ALJKBN_18190	47.1	280	147	1	357	635	319	598	6.04e-73	242
BCPNCO_02455	AOOCMJ_11975	37.1	402	224	8	3	382	5	399	1.04e-73	233
BCPNCO_02475	MPNMPI_08435	37.5	683	325	14	2	586	3	681	1.62e-130	395
BCPNCO_02485	DPDMEB_13265	41.2	228	130	3	1	226	33	258	2.93e-51	163
BCPNCO_02505	LKLDMN_19325	43.4	221	119	3	1	219	1	217	9.00e-55	171
BCPNCO_02520	DEAMOH_14925	47.8	621	315	3	149	760	204	824	3.28e-187	552
BCPNCO_02535	JEKOGE_21950	52.2	247	114	1	299	545	209	451	1.89e-77	253
BCPNCO_02540	OEDLLD_01520	37.2	433	263	8	6	433	2	430	8.15e-85	263
BCPNCO_02540	CJHDOF_08685	31.4	430	275	6	11	437	6	418	1.44e-71	228
BCPNCO_02540	OHAPKC_02295	39.6	278	158	5	169	441	18	290	1.44e-55	182
BCPNCO_02555	BAJPMC_02220	36.6	298	164	9	57	334	226	518	1.06e-43	155
BCPNCO_02600	OFMOME_08970	44.0	361	183	11	1	350	12	364	5.31e-76	248
BCPNCO_02605	OFMOME_08970	34.7	484	294	8	1	477	12	480	5.72e-74	247
BCPNCO_02620	OHPCOF_10190	45.1	410	223	1	1	408	1	410	1.72e-130	378
BCPNCO_02635	GKMFOG_13490	66.2	453	151	1	1	451	26	478	2.04e-213	593
BCPNCO_02640	PENENA_11575	37.6	825	364	23	4	695	5	811	8.92e-157	470
BCPNCO_02640	FCAKMF_09100	27.9	725	467	26	2	692	3	705	4.98e-70	238
BCPNCO_02660	GPHIJJ_07705	51.8	448	211	3	1	446	1	445	3.68e-154	441
BCPNCO_02665	FIPDDK_10380	41.9	265	152	2	6	269	6	269	7.91e-62	193
BCPNCO_02690	MCNJPA_03870	33.7	502	307	9	5	489	6	498	1.51e-82	261
BCPNCO_02690	MEIOOM_00955	33.2	277	170	4	228	490	132	407	8.25e-45	159
BCPNCO_02700	NEHECH_06835	50.4	369	181	2	8	374	3	371	4.73e-118	344
BCPNCO_02725	BKEOOB_02685	53.0	217	102	0	2	218	4	220	1.04e-77	230
BCPNCO_02725	LKLDMN_19325	40.0	215	123	3	2	213	4	215	3.08e-50	159
BCPNCO_02730	ILCLPH_22225	51.2	301	141	2	15	315	1	295	7.85e-92	271
BCPNCO_02735	IDAAGF_13140	38.3	358	214	6	43	395	68	423	1.10e-76	240
BCPNCO_02745	BPEEIP_15400	41.1	275	144	7	6	269	41	308	5.54e-51	166
BCPNCO_02750	BMCEAO_10385	64.1	658	233	2	4	660	66	721	5.23e-301	833
BCPNCO_02755	NCLFML_05230	59.7	943	370	5	1	938	1	938	0.0	1135
BCPNCO_02765	GLCPEN_08265	51.6	405	188	2	1	397	1	405	1.16e-145	416
BCPNCO_02770	IINDLL_04140	33.2	470	293	9	13	478	21	473	7.24e-71	229
BCPNCO_02780	PKLMMB_01070	50.9	623	302	2	1	621	1	621	2.25e-229	646
BCPNCO_02780	MHMDOE_03535	43.4	608	327	6	11	617	18	609	1.74e-162	476
BCPNCO_02790	CFMBFO_15145	41.2	328	163	1	5	302	2	329	4.74e-80	243
BCPNCO_02795	KDNFKF_00210	48.3	286	143	2	1	284	1	283	5.41e-92	271
BCPNCO_02800	MPNMPI_07760	46.9	318	166	1	105	419	7	324	2.78e-99	297
BCPNCO_02805	PIHIOG_02935	48.1	314	161	1	1	314	1	312	3.16e-93	276
BCPNCO_02820	JCMKKN_05780	46.9	1173	576	10	6	1164	2	1141	0.0	1038
BCPNCO_02825	LKEOCB_03390	35.4	319	184	2	2	298	7	325	3.57e-62	197
BCPNCO_02830	NIHDHO_06285	46.9	471	246	3	1	469	1	469	4.07e-148	427
BCPNCO_02835	OKHOCL_06690	41.2	422	242	4	2	422	3	419	6.89e-103	308
BCPNCO_02835	KPFMEK_26910	34.5	423	244	8	2	423	35	425	1.26e-77	243
BCPNCO_02855	CPJNAH_07045	41.5	530	232	8	8	459	4	533	6.10e-129	383
BCPNCO_02860	DPDMEB_13265	39.1	220	133	1	1	219	33	252	3.81e-49	158
BCPNCO_02870	LKLDMN_19325	44.8	221	116	3	1	219	1	217	1.22e-57	178
BCPNCO_02880	INHOHM_09930	63.2	492	181	0	1	492	54	545	1.18e-227	633
BCPNCO_02905	AKJKEO_08215	34.6	549	307	12	5	529	66	586	4.50e-89	286
BCPNCO_02905	BBKFDB_00315	30.8	532	313	17	1	525	1	484	3.72e-55	189
BCPNCO_02910	DEAMOH_13710	28.4	443	288	12	6	438	3	426	4.63e-43	153
BCPNCO_03025	MJFKLL_00790	83.8	117	19	0	135	251	1	117	4.77e-68	202
BCPNCO_03075	BDLLLF_04730	37.2	293	180	2	205	497	82	370	2.23e-46	163
BCPNCO_03075	HAINKJ_00320	37.5	264	162	2	219	482	441	701	3.88e-41	153
BCPNCO_03090	HEEEIG_03320	60.2	357	138	1	6	358	5	361	6.84e-163	456
BCPNCO_03100	AKJKEO_08215	38.3	726	358	15	1	657	58	762	4.76e-132	403
BCPNCO_03100	BBKFDB_00315	35.0	517	265	14	9	489	5	486	7.07e-78	253
BCPNCO_03130	MGCPIK_00310	27.8	890	533	26	12	864	22	838	1.06e-77	271
BCPNCO_03150	BLDCGJ_09585	48.3	298	151	1	1	295	1	298	3.25e-87	260
BCPNCO_03155	PAMFFB_11460	42.0	269	135	6	2	262	325	580	1.28e-66	213
BCPNCO_03185	NPKNPB_15660	41.5	258	142	4	12	266	69	320	1.17e-64	201
BCPNCO_03190	ICHLBC_04555	49.6	365	176	1	1	357	6	370	1.06e-124	360
BCPNCO_03195	AFLAMK_09165	71.2	212	61	0	1	212	1	212	4.46e-111	313
BCPNCO_03200	MOJDIP_00905	47.1	397	202	4	6	401	2	391	2.39e-126	366
BCPNCO_03205	LLGOHG_02035	75.5	151	37	0	1	151	131	281	3.76e-80	235
BCPNCO_03210	FNBLEF_15250	70.0	287	86	0	2	288	87	373	2.30e-135	384
BCPNCO_03215	NPBNMM_02560	53.6	183	85	0	3	185	34	216	3.92e-70	209
BCPNCO_03220	OMINCF_03955	25.6	446	317	7	39	477	18	455	2.58e-46	164
BCPNCO_03250	ACCPON_01955	70.5	600	173	2	7	602	2	601	6.24e-299	823
BCPNCO_03270	IFIEJI_09795	42.5	174	100	0	2	175	1	174	5.76e-46	152
BCPNCO_03275	PKNFGM_01310	42.3	459	224	4	8	431	11	463	7.63e-115	341
BCPNCO_03280	CAGOKC_05665	50.4	421	206	2	9	428	4	422	8.91e-144	413
BCPNCO_03285	FGOPKK_02625	52.3	2920	1290	19	35	2866	29	2934	0.0	3078
BCPNCO_03285	FGDENG_01340	29.5	847	499	31	2079	2866	27	834	4.78e-91	313
BCPNCO_03330	PHBJAG_09105	71.8	252	71	0	8	259	54	305	2.64e-124	352
BCPNCO_03335	OODMEK_16380	45.3	247	133	2	6	251	4	249	2.32e-72	218
BCPNCO_03340	NKBHGG_16915	42.5	275	157	1	33	307	61	334	5.03e-85	257
BCPNCO_03350	LKEOCB_02700	49.4	619	300	5	1	615	51	660	1.72e-198	570
BCPNCO_03350	NIIHOH_06385	33.9	629	404	7	1	622	97	720	7.30e-123	378
BCPNCO_03365	AHNHLJ_18675	65.3	331	114	1	1	331	39	368	1.53e-161	452
BCPNCO_03380	FMNLNK_06465	55.8	267	118	0	1	267	1	267	5.74e-102	295
BCPNCO_03380	KKGKIC_03535	37.0	265	165	2	2	265	3	266	6.06e-52	167
BCPNCO_03385	HFPDKM_12815	76.1	528	124	1	1	526	34	561	1.03e-303	828
BCPNCO_03385	JIBNCO_01295	28.1	487	306	10	8	461	39	514	1.05e-47	172
BCPNCO_03390	EOGDPL_27240	37.0	427	259	4	341	766	383	800	1.06e-91	301
BCPNCO_03390	AIOPCH_03715	31.2	398	273	1	369	766	109	505	2.62e-64	219
BCPNCO_03420	PHMEJC_03885	60.1	406	157	3	4	406	67	470	1.11e-175	495
BCPNCO_03435	AGOHIM_03540	64.0	228	81	1	1	228	9	235	2.00e-117	331
BCPNCO_03445	FLKHEJ_00260	47.1	257	136	0	3	259	5	261	7.36e-73	220
BCPNCO_03465	OJBOFE_06605	73.4	816	213	2	1	812	74	889	0.0	1229
BCPNCO_03505	JPGONO_00560	37.1	221	139	0	1	221	43	263	4.24e-50	160
BCPNCO_03505	FPMAMI_13105	40.3	221	128	3	1	218	1	220	2.54e-48	154
BCPNCO_03545	OEDLLD_08805	35.5	310	192	4	295	604	422	723	7.20e-49	178
BCPNCO_03545	MGCPIK_11245	39.7	237	136	4	365	601	45	274	1.39e-45	159
BCPNCO_03595	KGINLD_07165	41.1	209	122	1	7	215	11	218	1.62e-48	155
BCPNCO_03600	PNDHNJ_00120	44.7	517	277	4	38	549	69	581	3.70e-144	424
BCPNCO_03605	PPCHMH_10210	43.2	220	124	1	3	222	2	220	1.03e-59	184
BCPNCO_03610	PBAKMA_17510	43.3	289	160	3	1	288	1	286	9.72e-69	211
BCPNCO_03635	NGBLNP_13770	43.0	291	164	2	1	290	1	290	2.86e-86	256
BCPNCO_03650	FFLKCG_02860	46.1	408	214	3	1	402	1	408	6.32e-118	346
BCPNCO_03685	MNPOJG_08080	43.5	232	124	4	5	233	7	234	5.60e-60	185
BCPNCO_03695	MFPDBE_02520	47.3	328	172	1	12	339	13	339	2.67e-106	311
BCPNCO_03710	EFDFGM_03780	55.3	468	208	1	1	467	36	503	2.60e-195	548
BCPNCO_03715	OGOOED_16440	33.7	341	208	9	5	334	3	336	1.42e-50	167
BCPNCO_03725	KGACJP_24205	45.3	477	244	3	15	480	32	502	1.03e-145	423
BCPNCO_03730	IOBNAI_02850	56.1	494	214	3	1	492	77	569	1.69e-191	542
BCPNCO_03750	PPBGAG_04970	52.9	155	71	2	8	160	2	156	1.42e-57	173
BCPNCO_03765	CCDOAK_00015	53.1	499	229	4	5	499	30	527	5.67e-172	492
BCPNCO_03775	HONECH_05975	39.5	314	180	5	6	310	4	316	1.78e-63	199
BCPNCO_03790	PPBGAG_05060	43.4	339	191	1	1	339	1	338	4.36e-99	293
BCPNCO_03795	ENCFBG_07925	63.1	333	118	4	3	332	4	334	5.04e-144	406
BCPNCO_03800	PKLMMB_11890	61.0	392	144	5	6	394	3	388	3.72e-159	449
BCPNCO_03805	HOBHPC_14180	74.6	248	63	0	1	248	21	268	5.32e-127	357
BCPNCO_03810	EEMLEJ_12835	60.2	510	197	2	2	509	90	595	1.12e-218	613
BCPNCO_03815	OKHOCL_06405	54.0	422	188	4	9	428	5	422	1.95e-146	420
BCPNCO_03825	GKNBCF_07930	44.3	404	223	1	217	618	51	454	2.52e-106	328
BCPNCO_03900	GGCBJB_04630	49.2	443	180	3	1	443	1	398	1.92e-141	407
BCPNCO_03900	OKLCDA_08950	38.3	441	197	6	1	440	61	427	6.97e-92	281
BCPNCO_03905	FKEMDL_06390	37.1	385	231	2	1	380	1	379	2.16e-69	222
BCPNCO_03940	BKOPBA_06250	65.2	443	152	2	1	442	21	462	2.69e-208	579
BCPNCO_03970	IDAAGF_01625	73.2	466	125	0	5	470	277	742	9.93e-261	724
BCPNCO_03990	FAIDMJ_00835	44.1	254	140	2	214	466	64	316	1.94e-75	236
BCPNCO_04075	KKMOGI_12335	41.7	415	220	6	10	404	37	449	3.18e-90	276
BCPNCO_04075	PFNDEF_04205	33.4	401	249	9	22	407	362	759	3.10e-51	181
BCPNCO_04075	NLNKCD_09525	31.2	414	259	12	13	407	127	533	1.07e-50	177
BCPNCO_04075	CFELJI_12430	29.6	409	273	9	4	404	439	840	3.35e-43	157
BCPNCO_04080	ODPBAK_16055	44.5	373	202	4	7	376	2	372	1.00e-120	351
BCPNCO_04090	ODPBAK_16055	52.6	367	171	2	4	368	2	367	3.93e-139	397
BCPNCO_04090	LMBKNE_15370	35.4	376	220	9	1	371	79	436	4.02e-67	215
BCPNCO_04105	ACCGGA_01290	45.2	221	114	4	9	227	4	219	1.60e-60	187
BCPNCO_04125	FIGKOO_03390	33.9	496	238	7	2	411	3	494	7.61e-58	194
BCPNCO_04130	NLAFOC_00650	45.1	268	138	4	5	267	5	268	8.67e-71	215
BCPNCO_04135	GFMNBM_06415	45.5	244	132	1	5	248	52	294	3.40e-73	221
BCPNCO_04175	NNLPHK_08690	40.3	365	216	2	1	364	1	364	5.86e-84	258
BCPNCO_04175	LKAFFP_06110	40.1	347	206	2	10	354	10	356	7.81e-78	241
BCPNCO_04175	FLJHGF_06385	33.1	369	244	2	4	370	2	369	5.22e-59	192
BCPNCO_04210	GMPGOM_08675	48.4	246	127	0	9	254	9	254	1.74e-81	242
BCPNCO_04250	IHMAMP_18595	40.7	295	162	6	3	287	2	293	2.98e-63	197
BCPNCO_04305	INGAKC_15905	51.5	336	151	2	9	339	4	332	6.64e-116	335
BCPNCO_04315	PCHHPE_15105	42.8	341	190	3	13	352	1	337	5.45e-92	275
BCPNCO_04350	CMLBML_12860	45.6	360	196	0	11	370	7	366	5.20e-114	333
BCPNCO_04390	CJHDOF_01680	68.6	287	88	1	1	287	1	285	5.16e-139	390
BCPNCO_04410	BDLLLF_04730	33.2	304	191	4	63	362	76	371	6.45e-45	156
BCPNCO_04410	HAINKJ_00320	34.6	280	180	2	83	362	441	717	7.56e-44	157
BCPNCO_04420	KJKCNM_14465	43.5	230	128	2	1	229	19	247	3.61e-58	184
BCPNCO_04440	MFPDBE_06270	41.4	348	196	5	5	351	3	343	6.21e-98	290
BCPNCO_04450	JLBLBH_05410	39.7	312	141	3	3	269	2	311	9.15e-75	227
BCPNCO_04460	AACDEJ_11685	49.2	177	89	1	3	179	10	185	2.70e-59	179
BCPNCO_04480	HLCNFI_06760	58.2	170	71	0	1	170	58	227	4.01e-68	203
BCPNCO_04500	IINDLL_05235	36.1	277	169	3	17	285	10	286	4.78e-52	169
BCPNCO_04530	PPPHGA_13940	38.9	683	365	7	5	640	15	692	2.14e-159	481
BCPNCO_04565	LMAAGL_07260	41.6	209	119	3	5	212	3	209	6.36e-52	167
BCPNCO_04585	KIBBKD_19165	42.1	214	110	3	6	214	3	207	8.99e-47	150
BCPNCO_04590	KJKCNM_14465	38.2	314	183	5	1	313	19	322	3.47e-63	199
BCPNCO_04590	NEHECH_03510	35.0	226	144	2	4	229	1	223	1.44e-46	153
BCPNCO_04605	GNBPPJ_17065	35.8	310	189	3	3	305	7	313	2.24e-62	204
BCPNCO_04620	DCNHNC_00255	28.5	435	254	11	28	434	38	443	7.75e-46	161
BCPNCO_04625	COAOJB_00535	44.0	191	104	2	1	188	1	191	1.08e-47	150
BCPNCO_04645	ACDGMF_10700	50.3	394	188	3	5	391	3	395	3.67e-144	411
BCPNCO_04655	EDPPFC_05720	46.9	241	124	1	1	241	6	242	6.36e-78	231
BCPNCO_04670	GBDDDA_04680	42.7	213	117	3	5	214	5	215	6.33e-56	173
BCPNCO_04670	DHFKBB_07845	45.4	216	113	4	1	214	4	216	1.91e-55	172
BCPNCO_04675	JEKOGE_06050	51.0	449	216	2	1	445	1	449	1.14e-154	443
BCPNCO_04675	DNBNEF_09455	29.6	453	299	10	1	443	1	443	2.46e-57	192
BCPNCO_04675	NOJFKC_04840	30.5	433	290	8	15	445	19	442	5.38e-52	177
BCPNCO_04675	JDIFCN_01505	38.9	244	140	4	5	242	2	242	3.41e-47	159
BCPNCO_04695	ANJGBN_13520	43.9	569	308	7	5	570	40	600	1.62e-157	460
BCPNCO_04720	LKEOCB_02500	49.8	227	114	0	117	343	29	255	5.70e-73	224
BCPNCO_04725	PBMMBN_15485	37.7	276	166	3	8	282	4	274	6.87e-57	181
BCPNCO_04730	GAOLHI_01445	51.3	353	172	0	1	353	42	394	3.00e-136	390
BCPNCO_04730	NIINMJ_19970	37.5	347	210	3	9	351	43	386	3.23e-73	229
BCPNCO_04735	KNMGON_10840	38.3	441	247	3	4	422	3	440	1.22e-93	285
BCPNCO_04740	MPNMPI_02470	48.6	356	181	1	1	356	1	354	1.22e-109	321
BCPNCO_04740	NMDBHH_02165	34.0	412	200	5	5	354	6	407	3.41e-66	211
BCPNCO_04745	IBDNDD_06235	45.4	260	138	3	101	358	3	260	3.13e-67	209
BCPNCO_04760	JAEGOD_01515	48.8	207	102	2	1	207	1	203	3.26e-62	189
BCPNCO_04765	PDFOOG_03610	56.2	333	144	1	5	337	4	334	8.41e-125	358
BCPNCO_04775	ALJKBN_18190	51.8	276	125	4	415	683	324	598	1.41e-80	264
BCPNCO_04780	BDLLLF_08695	48.4	628	304	7	121	731	299	923	2.37e-196	578
BCPNCO_04785	MFPIGK_04845	40.4	319	175	4	4	308	4	321	5.83e-80	242
BCPNCO_04800	IPLLHO_16290	59.7	243	97	1	7	248	37	279	1.07e-98	286
BCPNCO_04865	OMINCF_00680	35.7	378	226	7	15	381	16	387	6.24e-72	226
BCPNCO_04865	CAHMAH_08565	36.1	377	229	5	14	379	15	390	1.25e-65	210
BCPNCO_04865	AOOCMJ_07215	36.4	376	229	5	14	380	14	388	2.64e-63	204
BCPNCO_04915	NHIAMB_19525	30.4	421	249	8	1	377	116	536	2.21e-60	200
BCPNCO_04920	AFKLCO_01805	39.9	301	166	5	7	301	1	292	3.93e-58	185
BCPNCO_04945	BKEOOB_07480	51.7	205	98	1	5	208	2	206	1.31e-69	208
BCPNCO_04945	ENNDNJ_12480	50.2	205	99	3	7	208	343	547	2.63e-62	199
BCPNCO_04950	OKHBPB_07570	62.4	394	146	1	40	431	77	470	2.16e-167	475
BCPNCO_04955	LOBHJJ_04520	64.6	192	67	1	5	195	2	193	2.61e-90	259
BCPNCO_04960	NEALDO_02625	51.5	196	94	1	5	199	2	197	3.34e-70	209
BCPNCO_04970	NMNMDH_09010	54.3	254	115	1	1	253	1	254	1.69e-95	277
BCPNCO_04985	AEGBGH_00595	54.8	661	293	5	1	660	1	656	8.67e-247	694
BCPNCO_04995	KGINLD_04375	45.6	250	131	2	42	287	66	314	6.10e-70	216
BCPNCO_05005	MFOGNL_02710	43.2	280	157	2	1	280	1	278	7.69e-82	244
BCPNCO_05040	ACCPON_01955	46.5	447	219	8	148	579	159	600	9.32e-125	377
BCPNCO_05060	BDLLLF_08695	45.0	709	312	6	165	862	302	943	3.65e-194	577
BCPNCO_05070	IBDNDD_04560	49.2	242	118	2	2	238	3	244	3.36e-81	240
BCPNCO_05080	BPEEIP_15400	48.6	296	124	5	8	301	41	310	5.59e-87	259
BCPNCO_05135	POBEHB_07710	58.5	424	175	1	6	428	59	482	2.90e-188	530
BCPNCO_05140	HIADJD_12750	48.7	591	299	2	5	591	8	598	2.93e-197	564
BCPNCO_05140	JFOKOO_10025	29.5	559	343	12	4	518	36	587	8.15e-61	212
BCPNCO_05145	PKHOKF_04630	36.6	361	197	12	4	334	94	452	7.64e-54	179
BCPNCO_05150	BDFMEP_06280	66.2	393	132	1	3	395	2	393	2.65e-189	526
BCPNCO_05155	KIBBKD_08070	55.0	431	193	1	2	431	3	433	2.66e-172	488
BCPNCO_05185	JFOKOO_09130	65.4	739	250	5	7	743	4	738	0.0	954
BCPNCO_05190	MDJFIL_00095	72.8	103	28	0	3	105	5	107	9.50e-57	172
BCPNCO_05205	EDPPFC_05720	43.1	232	128	3	1	231	6	234	1.29e-56	180
BCPNCO_05210	OOFIDG_04160	49.8	209	104	1	7	215	6	213	2.46e-62	190
BCPNCO_05215	CEPJKO_06160	44.5	272	147	3	3	272	2	271	1.26e-73	223
BCPNCO_05220	EGCKLK_14120	63.1	198	70	2	13	209	12	207	3.62e-81	238
BCPNCO_05235	MBIIBD_01400	63.4	486	173	3	4	485	30	514	1.79e-227	631
BCPNCO_05235	PBNOEJ_11460	33.6	524	283	19	8	476	37	550	8.01e-68	223
BCPNCO_05280	NPACKI_02135	42.8	388	202	7	4	382	2	378	1.93e-87	268
BCPNCO_05285	EIKLNG_11410	59.1	492	201	0	4	495	166	657	3.94e-203	575
BCPNCO_05295	GNBNBP_12875	62.0	395	150	0	1	395	1	395	2.66e-187	521
BCPNCO_05295	MNPOJG_01295	29.2	404	261	7	1	390	24	416	1.95e-54	182
BCPNCO_05300	IFFOPK_14205	43.3	467	261	4	20	486	12	474	2.94e-131	385
BCPNCO_05305	NIHDHO_00130	32.4	571	368	10	113	672	8	571	3.61e-89	287
BCPNCO_05305	INKIHH_10100	31.4	614	380	16	96	677	32	636	3.59e-68	234
BCPNCO_05360	CAHMAH_08565	49.1	383	192	3	10	391	11	391	1.01e-116	342
BCPNCO_05360	AOOCMJ_07215	41.5	386	223	3	1	386	1	383	1.58e-83	256
BCPNCO_05365	MDHDGC_08370	68.3	328	93	3	1	318	1	327	4.71e-167	464
BCPNCO_05365	EAGKMD_14100	34.6	353	182	8	3	311	4	351	1.72e-57	186
BCPNCO_05365	LJOEIG_06330	36.3	311	181	7	2	301	3	307	2.33e-57	184
BCPNCO_05375	CAHJBE_10785	48.1	472	245	0	1	472	1	472	2.43e-137	402
BCPNCO_05395	FIODKN_16670	37.8	460	255	4	3	433	39	496	3.79e-108	332
BCPNCO_05405	LKIDNC_01490	59.3	275	112	0	1	275	429	703	1.49e-105	318
BCPNCO_05405	LKEOCB_10345	45.6	263	142	1	10	271	11	273	3.00e-70	214
BCPNCO_05410	LKIDNC_01490	59.6	428	171	2	1	427	1	427	3.26e-172	496
BCPNCO_05415	BDKJEH_07835	45.3	296	159	3	5	299	15	308	3.81e-85	254
BCPNCO_05445	MPNMPI_08435	40.2	694	377	14	7	679	5	681	2.65e-161	478
BCPNCO_05445	ENNDNJ_02705	28.8	723	440	22	8	674	94	797	3.73e-71	243
BCPNCO_05470	NIHDHO_06285	44.2	471	259	3	1	469	1	469	2.45e-133	390
BCPNCO_05490	PEFDJK_08990	46.9	175	93	0	209	383	1	175	6.32e-55	176
BCPNCO_05495	PNJNHA_04955	46.1	568	298	7	1	563	1	565	3.72e-180	516
BCPNCO_05495	FCHNIC_10895	31.9	568	338	18	31	563	33	586	1.78e-68	228
BCPNCO_05510	BGHMFE_04500	33.3	670	414	17	2	653	5	659	6.98e-94	300
BCPNCO_05540	JGACAL_08620	48.4	632	314	6	6	635	6	627	1.42e-199	576
BCPNCO_05550	CGOKML_00970	55.9	290	127	1	17	306	20	308	4.14e-50	165
BCPNCO_05725	IDAAGF_01625	40.8	480	256	10	5	471	277	741	2.10e-109	337
BCPNCO_05750	JEELJN_04115	48.4	281	143	1	3	281	7	287	1.59e-95	282
BCPNCO_05750	KGMLLG_04725	41.3	293	165	2	3	288	4	296	5.93e-86	256
BCPNCO_05760	EOAKDK_06705	68.2	453	143	1	11	463	54	505	1.09e-233	646
BCPNCO_05795	CFMBFO_09915	41.1	991	459	12	1	871	1	986	9.13e-226	659
BCPNCO_06160	MMNNJC_07175	37.6	306	161	9	17	298	162	461	4.65e-46	157
BCPNCO_06280	OJBOFE_04935	61.9	659	244	5	4	659	27	681	7.21e-281	781
BCPNCO_06280	FCAKMF_01695	36.9	662	401	8	4	659	11	661	1.72e-136	412
BCPNCO_06280	PPPHGA_25390	34.2	398	215	6	4	383	10	378	3.73e-57	203
BCPNCO_06350	PENENA_11575	38.0	682	307	15	117	687	132	808	1.44e-135	415
BCPNCO_06350	FCAKMF_09100	29.5	732	444	26	4	690	4	708	1.46e-76	256
BCPNCO_06425	JCMKKN_05780	31.6	1123	631	32	3	1076	4	1038	4.68e-155	488
BCPNCO_06475	EEOPDA_07390	41.6	305	169	6	1	300	1	301	6.75e-77	233
BCPNCO_06490	FGMGBK_04520	44.1	295	162	2	1	293	1	294	5.59e-79	238
BCPNCO_06520	NGNBGJ_09385	45.0	209	115	0	17	225	17	225	1.24e-60	186
BCPNCO_06525	GNANIN_05050	52.4	328	152	2	8	332	4	330	1.04e-116	337
BCPNCO_06560	NEHECH_00655	47.2	248	130	1	1	248	1	247	2.37e-78	234
BCPNCO_06570	GLCPEN_08265	31.6	320	205	6	52	364	91	403	4.84e-43	150
BCPNCO_06585	PFNDEF_09710	53.9	603	268	4	8	610	10	602	1.47e-239	671
BCPNCO_06615	JFOKOO_06090	46.5	424	220	5	1	422	1	419	2.86e-117	345
BCPNCO_06645	LDMJKE_01680	41.5	258	145	4	44	297	3	258	7.99e-53	170
BCPNCO_06645	BKMNND_09895	37.3	271	159	6	27	289	25	292	2.28e-50	165
BCPNCO_06650	NPACKI_09380	36.6	279	157	4	23	293	59	325	1.87e-49	171
BCPNCO_06650	HMNLEO_03150	36.8	291	155	8	24	301	57	331	3.10e-44	156
BCPNCO_06690	IBDNDD_02480	52.9	331	145	2	4	326	86	413	2.71e-116	338
BCPNCO_06705	CHFKLB_06175	70.7	598	173	2	6	602	56	652	1.17e-316	868
BCPNCO_06705	PHAIHL_05095	29.4	511	299	18	1	482	51	528	1.17e-48	176
BCPNCO_06710	BDFMEP_07880	50.4	369	178	3	5	373	3	366	1.15e-121	352
BCPNCO_06715	PFGANA_12245	60.5	339	134	0	1	339	11	349	8.71e-150	422
BCPNCO_06715	LPCGND_06910	34.8	345	211	5	1	334	3	344	1.22e-65	208
BCPNCO_06725	OFMOME_08970	59.0	549	214	2	1	539	12	559	9.86e-217	613
BCPNCO_06730	MKABCP_06035	49.3	371	180	3	1	369	1	365	6.05e-113	330
BCPNCO_06735	AEOGEB_05155	55.8	312	137	1	1	311	23	334	7.43e-121	347
BCPNCO_06735	JIDGJJ_02600	43.6	225	114	5	98	310	129	352	3.07e-58	187
BCPNCO_06740	JLCMGD_11090	52.4	250	114	2	1	248	1	247	4.59e-79	235
BCPNCO_06740	NDJAKL_07675	39.0	249	145	3	1	243	1	248	3.05e-50	161
BCPNCO_06745	ODHFDB_02170	44.6	401	192	4	3	374	5	404	4.43e-107	323
BCPNCO_06745	NJKLPJ_06960	31.9	452	276	10	1	432	42	481	4.94e-60	199
BCPNCO_06745	BGMBNC_08915	33.5	355	226	6	7	354	30	381	2.04e-59	197
BCPNCO_06750	PMOLLI_10965	70.2	114	34	0	1	114	28	141	4.59e-62	182
BCPNCO_06760	AEOJIK_02975	67.8	149	48	0	1	149	1	149	6.58e-64	189
BCPNCO_06775	JHFCEN_02080	47.8	362	186	1	315	676	12	370	2.48e-115	348
BCPNCO_06790	IMLPOL_01605	47.9	292	149	2	3	291	2	293	1.36e-92	273
BCPNCO_06810	MKBKLI_00520	50.6	318	150	3	6	322	3	314	4.57e-112	334
BCPNCO_06815	OPOMOC_16115	52.0	273	129	2	107	377	70	342	4.84e-86	261
BCPNCO_06915	ACCGGA_01290	55.3	219	97	1	1	218	1	219	4.95e-85	249
BCPNCO_06925	CPMPBM_00160	53.0	496	228	4	1	496	1	491	1.18e-182	517
BCPNCO_06930	HNGOGK_09900	48.0	477	243	4	1	475	1	474	6.38e-150	432
BCPNCO_06935	MFPIGK_04845	53.8	327	150	1	2	328	3	328	5.56e-124	358
BCPNCO_06965	ABEGPG_12235	48.3	267	137	1	1	267	1	266	4.58e-92	269
BCPNCO_06975	EMGIMK_04390	48.8	340	161	4	1	330	1	337	2.15e-110	333
BCPNCO_06985	NEEMKD_01025	30.4	309	203	5	59	362	106	407	1.39e-46	161
BCPNCO_07020	IMMPMF_02225	54.3	234	101	3	1	233	1	229	1.25e-81	240
BCPNCO_07025	ADOCAH_00385	50.9	489	236	1	1	485	2	490	2.33e-176	501
BCPNCO_07035	DDOCLK_06550	61.2	533	205	1	3	533	18	550	6.24e-234	651
BCPNCO_07045	ADOCAH_00385	51.8	485	228	3	1	480	2	485	2.33e-176	501
BCPNCO_07055	AEGBGH_00595	54.9	661	293	5	1	661	1	656	5.52e-248	697
BCPNCO_07075	BBKFDB_00315	38.0	516	249	10	12	488	6	489	1.78e-107	325
BCPNCO_07075	AKJKEO_08215	36.2	539	270	10	5	484	60	583	1.38e-94	299
BCPNCO_07090	OACJHM_06000	46.1	471	243	4	2	472	14	473	3.61e-141	410
BCPNCO_07150	BCFHOD_10075	35.2	284	167	6	4	271	3	285	1.44e-51	167
BCPNCO_07155	OPBKNC_03935	32.8	351	214	9	2	344	35	371	2.03e-54	179
BCPNCO_07170	CNOENP_09380	48.8	344	173	1	3	346	5	345	1.92e-110	323
BCPNCO_07170	FMAOBM_00120	41.6	332	194	0	20	351	24	355	1.37e-90	272
BCPNCO_07175	PAMFFB_11460	52.6	266	114	4	2	263	325	582	1.81e-90	276
BCPNCO_07180	BDKJEH_01155	50.4	236	117	0	1	236	1	236	3.84e-75	236
BCPNCO_07185	NPKNPB_10680	57.3	497	148	4	1	436	2	495	5.56e-195	546
BCPNCO_07190	OKHBPB_06260	44.7	206	105	4	2	202	3	204	1.26e-47	152
BCPNCO_07195	JPDGNJ_11930	43.1	360	196	5	3	354	9	367	2.46e-82	257
BCPNCO_07210	MOBKGA_09500	49.2	250	116	3	1	248	1	241	1.38e-79	236
BCPNCO_07270	HHJGNO_01565	68.2	201	64	0	1	201	1	201	2.61e-92	268
BCPNCO_07275	JMCFPI_01740	53.2	453	206	3	14	461	3	454	1.01e-169	482
BCPNCO_07275	MGNIFA_13410	28.4	476	303	13	21	475	21	479	1.44e-47	167
BCPNCO_07280	AEGBGH_02380	50.0	336	160	4	2	331	7	340	5.07e-113	328
BCPNCO_07290	MPNMPI_02045	53.2	513	219	9	4	499	2	510	1.54e-174	497
BCPNCO_07295	AEGBGH_02400	43.6	415	227	4	3	413	25	436	1.40e-112	333
BCPNCO_07310	OPCCIN_12590	42.1	242	140	0	9	250	38	279	6.56e-73	220
BCPNCO_07315	NKHCPN_04385	52.1	328	155	1	4	331	2	327	3.05e-120	346
BCPNCO_07340	IDAAGF_01625	58.6	474	177	10	7	473	281	742	9.75e-188	538
BCPNCO_07350	MMNNJC_09750	33.3	454	262	13	2	427	3	443	1.55e-55	192
BCPNCO_07355	IDAAGF_01625	56.6	482	188	5	3	477	275	742	2.58e-186	535
BCPNCO_07415	CFELJI_10390	40.2	301	146	7	15	283	14	312	1.99e-66	206
BCPNCO_07420	OEDLLD_01520	30.6	428	288	6	7	428	11	435	2.64e-59	196
BCPNCO_07420	CJHDOF_08685	28.8	427	283	6	2	423	4	414	2.72e-55	185
BCPNCO_07420	OHAPKC_02295	32.2	258	166	2	177	425	27	284	3.07e-48	163
BCPNCO_07425	BMADOL_09965	65.4	130	44	1	169	297	1	130	1.56e-52	165
BCPNCO_07445	LKAFFP_03145	30.0	414	224	10	40	437	22	385	1.16e-47	164
BCPNCO_07455	FNBBHI_10615	43.1	339	177	7	1	326	37	372	9.18e-84	254
BCPNCO_07470	CPCJJL_13295	59.2	213	87	0	1	213	56	268	4.92e-97	280
BCPNCO_07485	CPJNAH_07045	30.3	532	284	10	2	450	4	531	6.25e-69	227
BCPNCO_07545	HGOKLA_01315	37.4	696	380	8	3	647	2	692	2.74e-143	429
BCPNCO_07545	PPPHGA_13940	28.5	660	394	12	7	618	15	644	5.05e-72	248
BCPNCO_07545	JIBNCO_01295	26.8	679	434	12	6	621	44	722	5.63e-70	238
BCPNCO_07545	HFPDKM_12815	28.5	478	289	14	1	431	41	512	1.71e-41	155
BCPNCO_07580	AEOGEB_09245	40.7	216	116	2	2	217	6	209	2.93e-50	159
BCPNCO_07580	KIBBKD_19165	42.3	208	113	2	4	211	3	203	8.87e-49	155
BCPNCO_07625	NCLFML_05230	34.0	948	418	20	7	755	2	940	1.79e-153	467
BCPNCO_07675	FNINNI_04550	37.7	302	177	6	2	301	224	516	8.21e-54	179
BCPNCO_07695	LAPOAN_06745	80.8	338	65	0	3	340	32	369	1.96e-210	576
BCPNCO_07695	AMEFKB_00185	35.1	333	204	7	12	336	21	349	1.12e-60	194
BCPNCO_07740	NIINMJ_13500	54.0	339	155	1	1	338	39	377	4.65e-134	383
BCPNCO_07855	FGMGBK_10205	50.2	255	125	1	1	253	1	255	6.12e-82	243
BCPNCO_07860	LPPKAH_00625	43.3	337	186	4	1	333	1	336	1.29e-104	307
BCPNCO_07870	CAGOKC_03555	56.5	161	33	1	121	281	6	129	4.18e-56	175
BCPNCO_07875	PHBJAG_07175	49.6	228	115	0	1	228	1	228	2.92e-74	221
BCPNCO_07885	LKLDMN_19325	46.4	222	113	3	1	222	1	216	3.05e-60	186
BCPNCO_07965	LKLDMN_19325	38.9	221	126	3	2	217	3	219	3.16e-48	154
BCPNCO_08020	APHOBL_08810	57.1	210	88	2	4	212	13	221	3.80e-70	210
BCPNCO_08025	MNAECF_09745	64.9	402	141	0	1	402	26	427	1.05e-181	511
BCPNCO_08035	BLHEAE_07080	66.2	284	96	0	3	286	17	300	2.82e-142	399
BCPNCO_08040	MJOLHA_09170	53.0	181	59	3	1	181	1	155	1.46e-62	187
BCPNCO_08045	BBKFDB_05170	55.5	137	61	0	3	139	197	333	7.59e-59	182
BCPNCO_08065	AOHBGH_01715	36.7	547	229	7	55	599	8	439	8.33e-108	328
BCPNCO_08070	CGDHDB_08820	33.6	393	143	4	43	317	1	393	6.06e-47	159
BCPNCO_08085	OEDLLD_08805	25.9	464	341	2	69	529	218	681	6.14e-49	176
BCPNCO_08110	ONBPBO_06850	40.1	411	212	8	3	391	3	401	1.41e-93	288
BCPNCO_08140	MJOLHA_09170	59.9	157	61	1	1	157	1	155	5.22e-69	202
BCPNCO_08145	MJOLHA_09170	47.5	181	69	2	1	181	1	155	2.61e-58	176
BCPNCO_08150	PDFOOG_00510	49.4	654	320	5	10	660	7	652	1.60e-220	626
BCPNCO_08155	BMCJIN_13985	100	135	0	0	1	135	1	135	8.57e-85	240
BCPNCO_08160	PAMFFB_09560	64.2	371	133	0	1	371	1	371	4.86e-178	496
BCPNCO_08170	BMADOL_09965	58.9	129	52	1	157	284	2	130	6.67e-48	152
BCPNCO_08175	JFOKOO_03005	46.5	200	101	2	1	200	1	194	4.08e-59	181
BCPNCO_08210	CPHDEA_10650	59.6	302	116	1	1	302	1	296	1.76e-128	365
BCPNCO_08215	DBKLJG_08415	40.7	418	243	3	4	421	14	426	2.29e-111	330
BCPNCO_08340	FBMMIE_06100	44.8	388	213	1	3	390	7	393	4.60e-103	308
BCPNCO_08340	GAOLHI_08680	35.2	423	254	7	6	422	10	418	2.06e-69	223
BCPNCO_08355	JAFONP_12205	35.6	576	368	2	3	578	37	609	1.06e-110	340
BCPNCO_08355	OEDLLD_08805	34.4	546	341	6	43	579	192	729	7.06e-97	307
BCPNCO_08355	KAJCKN_09590	32.1	499	325	6	85	576	81	572	4.78e-81	261
BCPNCO_08355	MGCPIK_11245	44.0	273	141	3	301	567	5	271	9.27e-70	223
BCPNCO_08355	KMMJBO_11065	26.2	619	403	7	5	579	2	610	4.59e-62	212
BCPNCO_08355	NDBPJJ_01855	35.9	262	158	4	291	543	301	561	7.43e-45	163
BCPNCO_08400	CCLBIH_12445	45.8	275	144	4	3	275	2	273	5.38e-83	247
BCPNCO_08400	MKDNFB_08610	31.0	274	187	1	5	278	1	272	4.34e-55	176
BCPNCO_08405	EPEMNJ_09385	42.5	221	111	4	1	213	1	213	4.25e-53	166
BCPNCO_08410	MFOGNL_02710	46.2	279	149	1	1	279	1	278	4.67e-88	260
BCPNCO_08425	IDJOEI_11860	40.0	745	327	7	9	650	14	741	2.55e-176	516
BCPNCO_08425	NLLOJM_03475	29.8	657	432	9	9	647	6	651	9.33e-83	270
BCPNCO_08430	GJDIKO_00030	42.9	697	378	9	10	700	5	687	3.51e-176	528
BCPNCO_08430	CIIHGC_05655	41.6	663	349	12	13	653	5	651	1.04e-147	456
BCPNCO_08430	EHJFJN_05890	30.2	695	446	20	17	704	4	666	8.91e-80	270
BCPNCO_08445	IADIMG_01355	43.5	329	182	2	3	327	31	359	2.52e-93	280
BCPNCO_08465	MLDKME_23815	56.9	281	119	2	1	281	1	279	2.21e-105	305
BCPNCO_08465	OAEEIH_06680	40.4	277	159	5	1	276	37	308	7.95e-56	179
BCPNCO_08545	DANLCD_01670	44.1	463	202	3	4	409	3	465	1.29e-131	383
BCPNCO_08550	AAIDMG_03410	46.9	463	246	0	4	466	42	504	3.50e-145	421
BCPNCO_08560	OJKFBE_14620	38.0	996	564	4	22	970	19	1007	1.55e-236	692
BCPNCO_08565	BCFHOD_11480	54.9	1253	544	11	5	1255	91	1324	0.0	1312
BCPNCO_08585	JLFFKH_10735	46.7	347	184	1	3	349	4	349	3.41e-111	325
BCPNCO_08605	DEAEDM_14640	44.8	797	428	8	15	802	20	813	1.24e-239	687
BCPNCO_08605	ELNOCH_01590	41.5	792	402	16	20	802	541	1280	2.63e-186	564
BCPNCO_08630	DKAAEG_05130	32.1	611	333	15	1	568	1	572	1.52e-76	250
BCPNCO_08640	LFFHHF_03375	44.2	403	222	2	3	402	100	502	5.07e-111	332
BCPNCO_08645	PBNOEJ_00970	39.2	864	412	20	15	788	1	841	8.00e-191	562
BCPNCO_08650	EDPPFC_06940	49.7	1483	721	10	8	1488	6	1465	0.0	1393
BCPNCO_08655	PPECAL_07255	42.4	545	242	11	1	478	1	540	3.54e-133	392
BCPNCO_08655	KKMOGI_12335	30.8	464	292	11	22	477	17	459	1.21e-64	212
BCPNCO_08655	PFNDEF_04205	29.7	441	265	13	50	477	358	766	7.80e-42	155
BCPNCO_08675	GLAJCN_12950	52.3	874	405	2	1	869	1	867	2.50e-311	900
BCPNCO_08695	ACCGGA_04760	72.5	149	41	0	1	149	41	189	1.76e-78	227
BCPNCO_08700	KDFDAI_07250	77.3	555	126	0	1	555	153	707	3.34e-319	874
BCPNCO_08705	PHAIHL_05095	64.4	601	211	2	3	600	52	652	9.36e-271	752
BCPNCO_08705	CHFKLB_06175	30.5	515	287	19	2	476	49	532	4.89e-43	160
BCPNCO_08715	IOMEKN_03295	46.5	215	112	2	1	213	1	214	7.56e-63	191
BCPNCO_08715	DKDGNM_20170	43.3	215	115	5	1	208	1	215	1.78e-50	160
BCPNCO_08720	MPNMPI_01965	38.0	337	194	6	2	334	4	329	8.91e-70	219
BCPNCO_08720	HFAHKK_07810	34.8	382	139	5	1	274	1	380	2.16e-62	212
BCPNCO_08735	CPJMGC_11990	55.0	351	156	2	1	350	37	386	3.71e-132	379
BCPNCO_08750	AEGBGH_03235	52.5	303	142	2	13	315	24	324	2.48e-100	300
BCPNCO_08765	GLPAEG_01685	38.9	244	130	1	26	250	5	248	1.21e-55	176
BCPNCO_08775	GOBLEJ_10390	52.0	150	72	0	1	150	67	216	2.62e-56	172
BCPNCO_08780	COHCOF_07855	48.3	236	117	3	1	233	1	234	6.38e-72	216
BCPNCO_08785	GEHMID_04080	47.1	227	107	4	5	226	3	221	1.03e-60	187
BCPNCO_08785	JOFPOO_08530	37.8	225	134	2	5	226	6	227	7.80e-52	164
BCPNCO_08785	FPMAMI_13105	37.1	224	137	3	5	227	2	222	4.06e-50	159
BCPNCO_08790	GANHPB_00400	36.5	252	141	5	324	568	226	465	2.05e-45	163
BCPNCO_08790	AJKFOC_10770	36.0	253	151	3	327	568	234	486	4.23e-41	151
BCPNCO_08810	BGHMFE_09910	36.7	281	157	6	28	294	17	290	2.53e-50	164
BCPNCO_08820	KBKJLO_09160	53.8	247	112	1	4	248	13	259	2.29e-93	271
BCPNCO_08825	AJABLI_09725	54.8	219	98	1	1	219	1	218	1.82e-82	241
BCPNCO_08830	LKEOCB_03770	47.7	434	219	5	1	430	1	430	2.11e-129	377
BCPNCO_08835	DKAAEG_09340	53.3	435	202	1	3	436	21	455	1.73e-165	470
BCPNCO_08840	DIIMPP_15145	49.4	326	165	0	4	329	19	344	8.04e-102	300
BCPNCO_08845	MLIPEK_11975	49.6	490	245	1	3	492	2	489	1.44e-170	486
BCPNCO_08850	ALPCKE_15910	60.3	325	129	0	4	328	5	329	1.74e-138	392
BCPNCO_08855	MNPOJG_01295	28.8	378	253	5	19	383	41	415	5.20e-48	164
BCPNCO_08860	GLACJI_08370	52.7	294	137	1	1	292	1	294	3.16e-95	279
BCPNCO_08870	ODHFDB_03390	49.7	169	84	1	1	168	1	169	1.11e-50	160
BCPNCO_08880	MPNMPI_05465	53.6	394	180	2	4	396	2	393	1.60e-137	395
BCPNCO_08885	BGHMFE_11675	39.6	743	362	11	4	733	3	671	7.17e-182	531
BCPNCO_08895	INKIHH_03230	46.1	310	165	2	2	310	1	309	4.43e-91	270
BCPNCO_08900	LLGOHG_08460	50.7	227	110	2	1	226	1	226	3.33e-75	223
BCPNCO_08905	GNBNBP_13670	52.4	437	203	4	5	439	4	437	3.20e-156	446
BCPNCO_08905	PIHIOG_01285	32.1	392	254	6	3	389	8	392	1.48e-61	202
BCPNCO_08910	LNKMPC_14405	62.6	340	127	0	1	340	1	340	4.83e-158	452
BCPNCO_08915	LNKMPC_14405	52.4	248	113	3	16	260	343	588	2.53e-72	228
BCPNCO_08915	EOJLEP_03115	35.7	244	146	6	20	258	1	238	1.41e-46	152
BCPNCO_08920	HEMAGP_10015	43.0	612	311	12	1	583	1	603	2.85e-135	411
BCPNCO_08920	HIHCLH_08345	34.5	582	332	9	3	541	5	580	2.39e-90	294
BCPNCO_08925	EIKLNG_09905	48.3	292	146	3	1	287	63	354	2.31e-87	261
BCPNCO_08930	BMJLCO_02760	49.3	207	104	1	7	213	8	213	2.76e-68	205
BCPNCO_08960	NPACKI_04800	43.9	585	286	7	5	547	4	588	1.83e-152	446
BCPNCO_08965	DHOMEH_12720	37.6	711	381	6	1	650	1	709	3.25e-142	429
BCPNCO_08965	ODHFDB_00935	35.2	381	231	4	249	623	663	1033	1.53e-60	216
BCPNCO_08965	JKEOBL_06960	34.0	406	250	6	265	664	636	1029	4.54e-56	202
BCPNCO_08970	DBLLCN_04525	62.3	183	68	1	1	183	12	193	2.31e-81	236
BCPNCO_08990	GLCPEN_06100	46.1	399	199	6	1	396	1	386	3.80e-113	333
BCPNCO_08995	CAHMJP_02730	42.2	334	172	5	12	329	13	341	7.89e-78	238
BCPNCO_09000	MFPDBE_04580	50.6	397	191	4	1	396	1	393	3.99e-146	417
BCPNCO_09020	DKAAEG_11885	44.3	334	179	3	1	328	1	333	3.41e-85	257
BCPNCO_09030	OKHOCL_01060	44.8	221	116	2	9	228	6	221	5.40e-56	174
BCPNCO_09035	NIHMFO_11420	66.0	153	40	1	1	141	1	153	1.13e-66	204
BCPNCO_09050	MJOLHA_01865	37.3	1250	647	23	1	1183	1	1180	4.61e-172	536
BCPNCO_09055	GFNANP_05010	55.8	301	129	2	5	303	240	538	2.65e-112	332
BCPNCO_09065	FLKHEJ_00860	54.5	448	193	6	3	449	2	439	4.92e-158	451
BCPNCO_09085	FMAOBM_02935	46.1	245	122	5	5	239	1	245	2.34e-73	220
BCPNCO_09090	COHCOF_08135	77.9	113	25	0	1	113	38	150	1.73e-59	176
BCPNCO_09100	EGEPOE_05725	44.9	283	147	3	6	283	3	281	3.90e-80	240
BCPNCO_09115	JHIMFH_02745	35.5	231	144	3	2	232	3	228	7.72e-49	157
BCPNCO_09120	EKIEJL_17310	43.5	499	274	5	5	498	4	499	1.59e-139	408
BCPNCO_09195	IFFOPK_14205	43.0	467	261	4	20	485	12	474	4.12e-130	382
BCPNCO_09205	JGACAL_08620	48.0	636	322	7	8	642	4	631	8.97e-197	569
BCPNCO_09210	APAIPM_19325	35.1	416	251	5	7	411	28	435	1.48e-69	223
BCPNCO_09215	PGPAMD_08360	44.3	203	111	1	73	275	17	217	5.46e-50	165
BCPNCO_09220	NKDPLI_06995	49.6	669	316	5	5	658	6	668	8.74e-226	660
BCPNCO_09225	PJAAIO_08660	57.4	256	107	2	2	257	3	256	1.95e-96	280
BCPNCO_09230	FFOHFI_09755	69.7	228	68	1	1	228	86	312	1.05e-113	325
BCPNCO_09235	IBBLIJ_02180	46.2	301	158	2	3	300	4	303	1.94e-82	248
BCPNCO_09240	ANAEHF_04215	60.9	233	90	1	4	235	2	234	5.72e-99	284
BCPNCO_09245	FIODKN_03895	56.7	178	77	0	8	185	30	207	1.76e-66	199
BCPNCO_09250	JFOKOO_05605	42.2	237	122	3	24	257	6	230	1.10e-58	182
BCPNCO_09270	DKDGNM_00610	56.4	282	122	1	104	384	1	282	8.36e-99	291
BCPNCO_09275	FMEHEA_05590	47.8	347	165	3	6	337	3	348	2.17e-103	304
BCPNCO_09275	KDFPIB_00630	29.5	448	197	5	5	333	2	449	4.14e-50	169
BCPNCO_09280	AEGBGH_05720	46.9	341	177	2	9	348	5	342	8.31e-106	310
BCPNCO_09290	BKEOOB_09970	58.0	343	140	1	4	346	5	343	2.22e-139	400
BCPNCO_09305	CIIHGC_05040	60.6	587	220	5	107	689	269	848	8.31e-238	679
BCPNCO_09320	NNFGHE_08485	36.5	288	175	4	2	281	10	297	2.15e-58	186
BCPNCO_09325	FIPDDK_01965	44.3	296	161	3	3	296	4	297	4.78e-84	251
BCPNCO_09335	ODKGDC_12345	58.5	697	284	1	7	698	48	744	3.33e-290	809
BCPNCO_09345	GJDIKO_03450	42.6	401	225	3	1	398	1	399	1.18e-109	324
BCPNCO_09345	PIJCBA_09290	33.1	405	254	5	3	396	12	410	1.64e-66	213
BCPNCO_09350	MJHEOC_08970	60.0	190	76	0	34	223	64	253	1.23e-79	238
BCPNCO_09355	AEGBGH_00130	46.1	479	238	10	298	760	609	1083	1.20e-111	361
BCPNCO_09360	NJKLPJ_06960	48.7	448	222	4	4	445	42	487	1.14e-146	423
BCPNCO_09360	BGMBNC_08915	29.1	433	300	3	10	439	30	458	4.79e-66	215
BCPNCO_09360	ODHFDB_02170	27.9	409	260	5	10	387	9	413	1.23e-50	176
BCPNCO_09370	OIDBIB_12205	47.1	306	161	1	6	311	4	308	5.77e-95	282
BCPNCO_09375	JLFFKH_01745	69.3	387	119	0	128	514	173	559	2.80e-178	509
BCPNCO_09390	MNPOJG_01295	55.8	394	173	1	1	394	24	416	1.09e-158	449
BCPNCO_09390	NKLDCP_09645	39.5	370	205	10	33	397	32	387	4.07e-74	232
BCPNCO_09390	GNBNBP_12875	29.0	396	251	10	1	383	1	379	5.83e-48	164
BCPNCO_09400	LNKMPC_14825	74.9	199	50	0	81	279	1	199	1.41e-108	317
BCPNCO_09415	BDLLLF_08695	40.3	640	315	7	171	743	302	941	2.14e-158	480
BCPNCO_09420	AOOCMJ_03895	60.3	300	119	0	1	300	25	324	1.12e-133	379
BCPNCO_09435	MMNNJC_07175	65.3	118	39	1	2	119	346	461	6.12e-46	150
BCPNCO_09450	BPPMOK_08570	47.2	180	90	3	15	193	16	191	5.03e-46	154
BCPNCO_09460	LEKCMK_00765	45.1	304	153	6	4	304	5	297	5.08e-76	231
BCPNCO_09465	JFBMBM_14950	31.3	790	373	11	2	621	3	792	7.18e-113	352
BCPNCO_09470	ANBPFB_10370	61.0	801	311	1	1	801	1	800	0.0	962
BCPNCO_09475	BGMBNC_08915	47.4	430	225	1	9	438	28	456	4.37e-136	395
BCPNCO_09475	ODHFDB_02170	31.4	411	242	8	13	391	11	413	6.97e-61	203
BCPNCO_09520	GHIDNG_08150	38.9	646	381	7	1	638	1	640	5.25e-147	439
BCPNCO_09525	MFPDBE_04255	41.7	206	119	1	3	207	1	206	8.26e-50	158
BCPNCO_09530	PEAHOH_01300	47.1	378	197	3	26	401	28	404	1.13e-108	322
BCPNCO_09535	FCHNIC_07725	45.9	279	149	2	7	285	5	281	5.51e-86	255
BCPNCO_09540	DAEBIN_05080	45.5	233	123	1	4	236	12	240	9.66e-62	190
BCPNCO_09610	LKIDNC_15850	42.2	303	156	6	1	299	1	288	1.28e-63	206
BCPNCO_09615	INGFOG_01710	70.7	157	46	0	1	157	132	288	1.57e-79	239
BCPNCO_10065	LKIDNC_15850	45.4	280	136	7	1	280	1	263	1.92e-73	233
BCPNCO_10095	LKIDNC_15850	44.5	272	135	5	1	272	1	256	3.91e-68	218
BCPNCO_10130	CGCKMD_14990	30.4	552	325	21	7	523	545	1072	2.62e-62	217
BCPNCO_10250	IADIMG_09525	34.7	251	160	2	1	251	1	247	1.97e-48	157
BCPNCO_10270	BEEJFJ_04365	40.9	320	182	5	1	318	1	315	1.06e-81	246
BCPNCO_10295	LKLDMN_19325	45.7	219	115	2	5	223	4	218	1.05e-60	186
BCPNCO_10305	JFOKOO_08440	46.7	180	91	2	5	184	2	176	9.44e-58	176
BCPNCO_10310	OGOOED_14375	51.7	576	274	3	1	575	1	573	2.79e-203	576
BCPNCO_10345	AHPIPH_01830	41.3	409	226	5	6	404	19	423	4.34e-96	290
BCPNCO_10495	LMAAGL_07260	46.8	205	104	3	9	211	8	209	5.63e-56	177
BCPNCO_10575	HMNLEO_03150	38.6	259	143	4	28	270	65	323	1.98e-45	157
BCPNCO_10590	EHJFJN_15775	45.5	167	91	0	23	189	9	175	2.75e-50	157
BCPNCO_10595	PMOLLI_08705	57.9	247	102	1	1	245	48	294	4.32e-88	260
BCPNCO_10605	MKABCP_10815	44.2	355	189	4	49	402	38	384	9.69e-98	293
BCPNCO_10610	IHHBLC_12520	46.8	267	140	1	7	271	10	276	2.44e-82	245
BCPNCO_10615	ODHFDB_06390	43.8	381	198	6	8	376	1	377	3.60e-107	317
BCPNCO_10620	NLNKCD_03020	43.4	290	157	5	5	292	4	288	3.74e-82	246
BCPNCO_10640	EOGDPL_25690	61.4	277	95	2	5	281	4	268	1.04e-123	350
BCPNCO_10645	JPEPBC_05735	52.2	404	182	3	2	395	52	454	2.29e-141	407
BCPNCO_10650	FHGONL_08010	33.4	572	367	5	1	567	1	563	5.22e-101	313
BCPNCO_10655	LMAIKK_01405	69.6	148	45	0	1	148	5	152	3.15e-66	195
BCPNCO_10660	FKEMDL_14575	37.6	226	132	2	56	272	70	295	1.84e-47	157
BCPNCO_10665	INKIHH_10055	46.4	239	124	2	7	245	6	240	1.78e-62	194
BCPNCO_10670	NGMOPK_00295	53.3	617	276	5	4	613	2	613	2.98e-224	634
BCPNCO_10685	PPPHGA_20880	35.5	332	162	4	10	289	17	348	8.44e-60	190
BCPNCO_10695	GIBOLB_01575	44.4	399	208	3	3	394	5	396	7.39e-108	319
BCPNCO_10700	KDJCIO_04690	43.1	274	139	5	4	276	2	259	5.68e-64	198
BCPNCO_10700	CKFMIE_05350	37.5	269	159	3	16	276	12	279	4.21e-56	178
BCPNCO_10750	KAIHOP_11310	35.7	308	179	3	5	295	4	309	2.71e-64	201
BCPNCO_10755	JFOKOO_10195	67.7	186	59	1	1	186	1	185	6.34e-86	247
BCPNCO_10760	HPMMNG_04720	58.6	355	146	1	1	354	1	355	1.97e-138	394
BCPNCO_10810	PGEJHJ_01480	45.1	390	186	8	102	483	57	426	4.51e-98	299
BCPNCO_10840	JPFHKD_11655	36.4	605	340	13	1	565	7	606	3.90e-109	336
BCPNCO_10845	DCNHNC_00255	36.7	430	234	6	19	427	39	451	7.08e-84	261
BCPNCO_10855	OMINCF_04520	46.0	291	152	4	16	301	15	305	9.36e-75	228
BCPNCO_10870	NICIMJ_15570	43.2	227	128	1	3	228	2	228	5.64e-60	185
BCPNCO_10890	FPHNOE_02620	47.1	208	106	3	15	218	24	231	2.49e-59	183
BCPNCO_10915	GLACJI_00375	52.6	363	169	2	11	371	14	375	1.05e-122	355
BCPNCO_10915	OJKFBE_02425	37.2	366	217	5	13	368	140	502	1.90e-59	196
BCPNCO_10920	LKEOCB_02010	43.5	310	169	3	5	313	4	308	1.20e-77	236
BCPNCO_10925	APHOBL_11345	39.7	473	250	9	1	451	148	607	2.70e-94	293
BCPNCO_10930	HEOPIF_01560	38.9	496	280	11	1	480	1	489	2.13e-107	324
BCPNCO_10935	HJGNEK_09000	36.7	659	384	7	13	661	18	653	3.99e-134	407
BCPNCO_10935	BPPMOK_10790	32.2	606	326	13	45	591	78	657	9.16e-86	280
BCPNCO_10945	KIFOBE_02715	51.6	308	146	1	3	310	4	308	3.38e-101	296
BCPNCO_10945	HIJMHI_06655	35.0	317	176	8	5	310	100	397	1.52e-45	155
BCPNCO_10950	DBGIOG_14085	62.7	142	52	1	1	142	30	170	3.98e-63	187
BCPNCO_10955	MKHMMK_07280	64.5	366	128	2	1	365	23	387	7.98e-164	460
BCPNCO_10970	KOGAEP_18980	43.0	905	427	13	12	831	23	923	1.27e-200	592
BCPNCO_10970	IFHDGK_16005	29.7	661	406	17	53	698	97	713	3.04e-60	216
BCPNCO_10975	CGDHDB_11180	54.4	237	108	0	71	307	306	542	2.98e-83	257
BCPNCO_10975	HDKNDC_07670	45.8	240	127	3	71	308	352	590	2.30e-64	209
BCPNCO_11015	NMPEPJ_07300	57.6	288	118	2	103	389	17	301	4.19e-112	326
BCPNCO_11020	PPECAL_01430	41.0	707	379	7	19	690	13	716	9.34e-161	477
BCPNCO_11025	ENGICC_20285	47.3	607	317	3	5	610	30	634	1.96e-183	529
BCPNCO_11035	MPNMPI_05755	50.0	254	122	2	11	259	10	263	2.84e-78	234
BCPNCO_11055	CFMCFG_03760	39.0	454	186	13	1	423	1	394	1.25e-71	227
BCPNCO_11080	CMLBML_04400	55.3	432	190	3	4	433	2	432	2.98e-160	456
BCPNCO_11090	NDDJEC_06240	78.6	140	30	0	4	143	3	142	5.61e-73	219
BCPNCO_11130	IFHDGK_04315	37.4	369	216	7	2	358	266	631	4.98e-82	258
BCPNCO_11175	ALJLGD_16575	32.9	359	216	6	28	363	63	419	5.61e-51	173
BCPNCO_11185	DEDJGM_06355	47.6	338	168	3	2	339	3	331	1.26e-106	312
BCPNCO_11250	GOBLEJ_02435	46.2	290	143	3	7	294	32	310	1.45e-81	248
BCPNCO_11250	FKNOEG_01930	34.9	352	185	6	7	317	381	729	8.26e-50	173
BCPNCO_11295	CGDHDB_08820	41.1	394	113	3	1	275	1	394	7.09e-72	222
BCPNCO_11310	EOCOAH_08725	59.2	125	50	1	1	125	5	128	1.84e-51	155
BCPNCO_11355	PNIHGE_02065	54.0	454	167	7	1	413	3	455	8.88e-122	357
BCPNCO_11370	NBBJMH_14115	88.2	119	14	0	1	119	7	125	1.77e-73	211
BCPNCO_11380	EDPPFC_12330	43.4	717	361	11	1	688	1	701	6.76e-175	513
BCPNCO_11380	PPECAL_01620	32.6	736	424	21	7	692	9	722	5.36e-81	268
BCPNCO_11390	NDCBAB_13250	38.3	345	201	6	1	337	1	341	2.11e-70	219
BCPNCO_11390	FKJBDL_15490	35.3	397	189	6	3	338	2	391	4.51e-62	199
BCPNCO_11425	GHIDNG_08685	59.2	1174	458	9	2	1164	3	1166	0.0	1387
BCPNCO_11435	KCPKPB_06465	55.2	348	156	0	5	352	26	373	2.16e-138	395
BCPNCO_11435	KNCJAM_10130	32.6	340	211	7	4	329	1	336	1.88e-53	178
BCPNCO_11440	HKDGPL_08525	41.9	580	311	7	5	582	12	567	3.87e-162	471
BCPNCO_11445	JCMKKN_12205	49.6	357	170	2	1	355	1	349	3.94e-123	355
BCPNCO_11450	MKENAJ_04070	52.0	377	177	4	1	374	1	376	1.08e-129	374
BCPNCO_11465	NEHECH_07515	63.3	324	119	0	3	326	45	368	8.42e-155	439
BCPNCO_11465	FKEMDL_01610	39.2	324	193	3	3	325	16	336	4.18e-77	239
BCPNCO_11475	GNANIN_05260	49.1	477	239	4	2	477	3	476	5.90e-163	466
BCPNCO_11485	INHOHM_11200	45.1	705	370	5	7	698	3	703	5.84e-194	562
BCPNCO_11485	OOMOLM_10315	36.2	511	307	11	163	663	283	784	2.09e-90	296
BCPNCO_11485	PJGAFD_00175	30.1	631	416	7	76	698	2	615	3.63e-87	282
BCPNCO_11485	ALODHP_02915	29.1	554	362	11	131	671	125	660	2.41e-58	206
BCPNCO_11495	LNKMPC_13665	59.1	269	109	1	1	268	1	269	2.44e-111	323
BCPNCO_11530	PNJNHA_05030	43.1	281	160	0	2	282	3	283	7.41e-81	242
BCPNCO_11560	LKLDMN_19325	45.0	218	116	2	5	222	4	217	8.58e-57	176
BCPNCO_11575	NDJCGB_22180	41.8	411	214	5	3	390	58	466	8.68e-100	301
BCPNCO_11580	ICGKAE_07920	31.8	299	196	4	3	297	1	295	6.28e-44	150
BCPNCO_11585	NKCJOK_09390	48.8	1331	582	23	1	1250	1	1313	0.0	1152
BCPNCO_11585	CHFKLB_13610	38.8	1269	714	21	1	1250	1	1226	2.04e-255	757
BCPNCO_11590	NPLHCN_07855	32.2	1204	740	15	1	1148	16	1199	2.30e-207	629
BCPNCO_11595	LMHIPG_08860	57.0	400	160	3	2	390	16	414	5.58e-156	443
BCPNCO_11600	GBPAEP_08355	40.9	254	149	1	1	254	1	253	1.28e-54	173
BCPNCO_11615	JAEGOD_04615	50.2	584	286	4	8	589	6	586	2.23e-198	565
BCPNCO_11615	ODHFDB_02970	39.8	581	324	15	23	588	5	574	2.04e-121	367
BCPNCO_11620	HIADJD_14290	44.4	403	211	7	69	467	171	564	3.87e-108	328
BCPNCO_11625	EDPPFC_09585	43.9	196	105	1	9	199	9	204	2.29e-55	171
BCPNCO_11635	AJOCFB_04545	44.9	742	377	8	7	739	77	795	4.52e-212	613
BCPNCO_11640	CMLBML_04810	56.4	172	70	2	3	171	4	173	1.75e-65	194
BCPNCO_11655	ICGKAE_00315	42.4	384	208	3	11	390	9	383	6.37e-84	270
BCPNCO_11655	IFDCNO_13355	35.1	413	256	7	4	406	2	412	1.10e-63	207
BCPNCO_11660	PDFOOG_10895	48.2	450	227	4	4	451	3	448	3.58e-160	457
BCPNCO_11680	FPHNOE_05055	67.9	368	118	0	2	369	4	371	3.48e-195	541
BCPNCO_11685	KMMJBO_08230	62.8	339	126	0	1	339	1	339	1.16e-154	437
BCPNCO_11690	KCGDMB_05840	61.7	326	124	1	17	341	18	343	5.63e-138	393
BCPNCO_11735	MKBKLI_02280	53.1	243	111	2	1	240	1	243	8.65e-87	254
BCPNCO_11745	FGMGBK_12975	39.6	462	265	7	15	467	19	475	3.42e-108	326
BCPNCO_11745	ADJBEN_14145	30.9	366	245	5	106	467	30	391	1.56e-54	184
BCPNCO_11755	CGDHDB_07975	48.5	606	296	7	2	592	3	607	5.15e-181	521
BCPNCO_11765	BIJIBE_02780	46.5	662	321	14	32	681	16	656	1.36e-174	518
BCPNCO_11765	CNNHAB_05870	33.2	737	383	24	35	684	34	748	3.62e-95	314
BCPNCO_11780	KOGAEP_23345	46.6	343	172	3	3	335	99	440	2.38e-101	302
BCPNCO_11785	ICHLBC_14895	59.0	144	59	0	5	148	40	183	2.15e-57	174
BCPNCO_11790	GLPAEG_01685	44.2	249	116	2	20	247	6	252	1.74e-62	193
BCPNCO_11795	KGLJGB_06615	56.1	148	53	2	3	138	7	154	2.30e-50	155
BCPNCO_11835	NMNMDH_14380	53.9	282	123	2	1	275	1	282	3.32e-107	309
BCPNCO_11835	OKHOCL_06130	40.2	276	163	2	1	275	1	275	1.76e-69	213
BCPNCO_11895	IFHDGK_04315	45.6	252	131	2	4	251	6	255	1.72e-66	219
BCPNCO_11895	PPPHGA_03180	48.2	197	102	0	44	240	36	232	1.41e-59	191
BCPNCO_11905	AEHBLL_10425	44.4	198	108	2	230	425	280	477	8.15e-46	162
BCPNCO_11910	ILCLPH_03175	47.4	173	88	1	1	173	1	170	4.77e-54	166
BCPNCO_11915	NIMMDJ_02025	62.9	364	118	4	1	349	1	362	4.31e-170	474
BCPNCO_11930	PNJNHA_05030	44.3	280	156	0	3	282	4	283	7.33e-80	240
BCPNCO_11945	MKABCP_07780	50.5	487	236	4	1	486	1	483	1.13e-172	491
BCPNCO_11945	NIIHOH_23285	28.5	562	287	11	11	474	4	548	3.58e-65	216
BCPNCO_11955	IDNIFB_15035	45.7	810	401	7	15	802	1	793	3.78e-213	618
BCPNCO_11960	MPNMPI_01965	46.0	322	165	4	2	315	4	324	1.38e-84	268
BCPNCO_11960	HFAHKK_07810	33.7	576	282	15	3	507	5	551	1.15e-64	229
BCPNCO_12005	APAIPM_20955	40.8	358	206	3	2	353	30	387	2.13e-94	283
BCPNCO_12025	BOLFNP_06995	54.2	378	171	2	1	376	36	413	1.52e-137	395
BCPNCO_12035	JCMKKN_10135	51.2	797	378	8	1	792	1	791	1.83e-269	761
BCPNCO_12040	EFDFGM_07515	37.5	352	206	5	1	339	1	351	1.76e-81	248
BCPNCO_12050	DCEHBH_13415	77.3	119	27	0	1	119	1	119	1.73e-63	185
BCPNCO_12060	NDJCGB_25485	51.8	166	80	0	9	174	99	264	2.88e-57	177
BCPNCO_12065	BOPGEP_09895	51.0	628	303	3	1	623	1	628	4.84e-223	631
BCPNCO_12070	MKBKLI_04840	50.3	183	89	2	103	283	3	185	3.96e-57	179
BCPNCO_12135	CGOKML_10095	42.7	293	166	2	1	293	1	291	4.96e-77	233
BCPNCO_12140	IBDNDD_01930	36.0	250	141	5	4	242	2	243	5.11e-47	153
BCPNCO_12160	MFKGBO_06890	37.1	318	184	2	1	315	1	305	2.07e-68	212
BCPNCO_12160	DNHLFN_07150	31.7	315	201	1	1	315	1	301	9.57e-52	169
BCPNCO_12175	PAHPGF_09515	53.5	271	126	0	1	271	1	271	9.70e-102	296
BCPNCO_12180	NNFGHE_04830	40.9	254	145	2	1	249	1	254	1.05e-70	214
BCPNCO_12185	NKLDCP_09645	38.1	381	231	4	9	385	1	380	4.60e-91	276
BCPNCO_12185	MNPOJG_01295	32.5	403	254	10	1	389	18	416	3.94e-64	207
BCPNCO_12185	GNBNBP_12875	29.6	389	248	12	13	382	2	383	1.09e-46	161
BCPNCO_12190	LPNJBB_01050	66.4	232	78	0	4	235	20	251	4.91e-59	183
BCPNCO_12195	AHGGGF_11555	65.8	190	64	1	14	202	15	204	2.42e-88	256
BCPNCO_12210	EEGFHJ_12815	52.3	176	83	1	1	175	1	176	3.52e-59	179
BCPNCO_12225	KKMOGI_03320	47.7	386	195	3	4	387	30	410	1.68e-123	359
BCPNCO_12225	LKAFFP_03145	38.4	383	226	7	1	379	6	382	1.78e-92	279
BCPNCO_12230	GKLKJE_06895	43.3	275	149	2	6	280	12	279	2.38e-78	236
BCPNCO_12235	PIJCBA_10525	51.9	347	164	2	1	345	73	418	3.55e-125	362
BCPNCO_12240	CPCJJL_13635	45.5	409	213	5	5	408	4	407	1.17e-108	322
BCPNCO_12245	OEDLLD_08805	45.9	525	284	0	54	578	203	727	6.36e-158	466
BCPNCO_12245	JAFONP_12205	37.5	573	348	3	8	576	40	606	1.53e-117	358
BCPNCO_12245	KAJCKN_09590	30.8	572	389	4	8	576	4	571	7.03e-80	258
BCPNCO_12245	KMMJBO_11065	27.9	609	394	6	9	577	4	607	2.45e-67	226
BCPNCO_12245	MGCPIK_11245	43.8	233	130	1	341	573	45	276	5.67e-61	200
BCPNCO_12245	NDBPJJ_01855	29.4	480	304	13	87	544	95	561	1.12e-45	166
BCPNCO_12250	KMMJBO_11065	46.0	604	293	3	1	571	1	604	4.90e-165	480
BCPNCO_12250	KAJCKN_09590	41.8	572	324	5	3	571	4	569	6.83e-137	406
BCPNCO_12250	JAFONP_12205	30.3	558	383	5	3	559	40	592	1.06e-71	238
BCPNCO_12250	OEDLLD_08805	30.1	529	366	2	48	576	204	728	1.33e-70	237
BCPNCO_12250	MGCPIK_11245	33.5	269	171	2	296	564	10	270	5.34e-47	162
BCPNCO_12275	PJAAIO_03310	42.8	432	237	4	1	430	1	424	1.70e-111	331
BCPNCO_12280	GMHKEG_05155	57.7	878	364	5	6	881	4	876	0.0	1053
BCPNCO_12280	AEOEGG_04380	26.1	819	511	19	17	748	72	883	1.58e-83	286
BCPNCO_12290	PGPAMD_00760	60.0	1406	559	3	5	1408	1	1405	0.0	1717
BCPNCO_12330	INNILH_18990	45.7	210	102	4	191	397	35	235	1.11e-52	172
BCPNCO_12340	PHEGCG_16300	50.2	410	204	0	1	410	29	438	2.48e-153	437
BCPNCO_12340	MKABCP_04060	32.3	331	213	4	9	332	3	329	8.23e-48	165
BCPNCO_12395	MHMMDG_07390	61.5	288	110	1	3	290	28	314	3.76e-125	356
BCPNCO_12405	BLDCGJ_07655	47.5	278	146	0	4	281	5	282	1.12e-95	280
BCPNCO_12445	BAJPMC_02220	39.1	312	161	7	124	419	219	517	8.58e-53	182
BCPNCO_12450	IEDJIN_05035	44.2	208	113	2	285	489	1	208	5.10e-50	167
BCPNCO_12455	GEHMID_04080	41.9	222	122	2	5	221	4	223	1.05e-55	174
BCPNCO_12490	AEPIDE_18615	43.5	308	170	3	33	339	54	358	1.23e-74	231
BCPNCO_12505	MGCPIK_04525	58.3	396	156	3	5	391	6	401	1.73e-163	461
BCPNCO_12520	PMEPJL_13775	30.2	404	229	7	7	361	12	411	1.19e-51	174
BCPNCO_12755	ILCLPH_09145	55.3	206	92	0	1	206	13	218	1.05e-79	234
BCPNCO_12770	GHIDNG_08685	55.1	1172	509	10	1	1163	1	1164	0.0	1282
BCPNCO_12815	MCIHLG_04880	47.9	169	86	2	1	167	1	169	7.61e-52	160
BCPNCO_12970	CAGOKC_07435	66.2	462	155	1	5	465	9	470	1.53e-227	629
BCPNCO_12975	AGFMKF_04480	62.5	392	144	2	2	391	3	393	1.06e-171	482
BCPNCO_12975	AJKFOC_11935	37.1	326	199	3	68	391	6	327	9.89e-61	196
BCPNCO_13005	HJGNEK_06570	48.7	277	142	0	1	277	1	277	2.63e-93	276
BCPNCO_13055	GKLKJE_13615	77.6	339	70	1	1	333	1	339	1.75e-185	511
BCPNCO_13060	FBNFHD_02190	83.0	230	39	0	1	230	47	276	1.08e-144	401
BCPNCO_13065	GKLHFB_16435	45.7	175	94	1	14	187	15	189	5.58e-52	161
BCPNCO_13110	ILEJOP_08300	66.3	196	64	2	1	195	41	235	2.64e-89	258
BCPNCO_13215	MDIEPL_01880	48.8	477	242	2	3	479	94	568	3.62e-162	469
BCPNCO_13240	JECHMI_13235	46.4	263	129	3	5	262	1	256	3.47e-79	236
BCPNCO_13245	GJDIKO_00970	56.2	276	120	1	5	280	3	277	2.26e-111	320
BCPNCO_13265	JHLGGO_08550	84.5	264	41	0	4	267	11	274	2.55e-166	457
BCPNCO_13280	CKMOEO_08105	47.1	499	249	9	1	489	1	494	3.22e-164	470
BCPNCO_13290	NAGHPK_09505	48.4	483	239	3	3	485	2	474	2.29e-163	468
BCPNCO_13295	PIHIOG_12120	52.2	312	148	1	1	311	1	312	1.07e-110	320
BCPNCO_13300	NIFJOO_10390	43.3	217	118	2	3	214	4	220	1.39e-54	171
BCPNCO_13340	KGINLD_04375	39.2	250	146	3	46	290	64	312	6.52e-56	180
BCPNCO_13365	NCKDCM_06075	44.1	213	114	2	1	208	1	213	6.38e-58	178
BCPNCO_13365	ADMHII_15160	38.6	207	120	2	1	200	36	242	3.98e-48	154
BCPNCO_13380	NDCBAB_01755	57.2	334	132	3	15	345	10	335	7.99e-135	384
BCPNCO_13395	NDCBAB_01755	39.8	334	191	5	22	353	10	335	2.40e-75	232
BCPNCO_13400	ACCGGA_14810	74.1	135	35	0	1	135	39	173	6.41e-55	166
BCPNCO_13410	BCFHOD_02865	45.0	191	101	1	3	189	3	193	3.33e-52	163
BCPNCO_13415	DEAMOH_14925	45.8	778	410	6	4	771	51	826	9.22e-234	671
BCPNCO_13420	NEHECH_06135	51.2	527	255	2	3	529	4	528	2.91e-194	552
BCPNCO_13420	NGBLNP_01320	43.5	513	248	10	35	532	117	602	5.75e-128	384
BCPNCO_13425	BEHLNB_01715	41.3	404	216	5	9	399	3	398	8.17e-101	303
BCPNCO_13430	PMOLLI_04005	86.3	197	27	0	24	220	32	228	2.96e-122	342
BCPNCO_13435	OLKGPM_00030	39.5	390	235	1	1	390	1	389	5.88e-85	263
BCPNCO_13450	CPMPBM_01325	52.2	1075	479	7	1	1046	1	1069	0.0	1043
BCPNCO_13455	NDJCGB_23505	41.8	390	188	3	1	351	19	408	1.52e-103	307
BCPNCO_13490	MGCHGM_08105	48.8	217	97	5	32	243	26	233	9.54e-66	200
BCPNCO_13495	OKHOCL_06685	43.0	300	155	5	2	286	1	299	5.55e-79	238
BCPNCO_13505	EBLBNC_05495	62.8	301	112	0	5	305	31	331	1.13e-136	389
BCPNCO_13525	JLJJEA_09515	44.8	330	181	1	367	696	2	330	9.89e-91	282
BCPNCO_13535	AADGFO_06055	75.3	1142	281	1	3	1143	23	1164	0.0	1726
BCPNCO_13535	IJGGGM_15885	43.5	448	235	7	5	451	2	432	2.53e-109	345
BCPNCO_13535	FLAJJJ_08755	42.8	208	111	2	525	732	5	204	5.69e-50	172
BCPNCO_13540	ILCLPH_22225	34.2	298	188	3	1	293	1	295	2.37e-53	172
BCPNCO_13695	DELOGM_05665	48.2	475	238	4	2	474	3	471	4.90e-158	453
BCPNCO_13700	BCPHIN_09760	62.1	480	181	1	1	480	1	479	2.40e-215	599
BCPNCO_13715	OJBOFE_04935	70.2	657	195	1	10	666	26	681	0.0	929
BCPNCO_13715	FCAKMF_01695	38.0	665	391	10	10	666	10	661	3.24e-145	434
BCPNCO_13720	INKIHH_10100	48.0	756	371	11	1	754	1	736	1.72e-220	633
BCPNCO_13720	NIHDHO_00130	30.3	604	374	18	43	634	2	570	1.86e-67	229
BCPNCO_13730	PCHHPE_13495	40.5	247	135	2	1	235	57	303	1.19e-56	179
BCPNCO_13745	NJJKOA_12030	38.1	630	357	20	68	681	3	615	3.25e-123	378
BCPNCO_13745	KNCOJD_04640	28.4	577	318	19	106	617	93	639	9.23e-57	202
BCPNCO_13750	NEEMKD_06435	48.8	430	208	5	5	434	2	419	5.83e-145	417
BCPNCO_13770	BCNBMK_03260	37.0	330	200	3	3	324	4	333	3.10e-72	223
BCPNCO_13785	HIADJD_07200	48.5	618	278	6	1	586	1	610	2.59e-192	565
BCPNCO_13845	JGACAL_04805	56.8	509	218	2	4	510	5	513	4.90e-214	598
BCPNCO_13850	HHJGNO_12810	64.2	201	71	1	113	313	1	200	9.24e-84	254
BCPNCO_13860	BKGFAN_12710	71.3	523	148	2	1	521	1	523	7.64e-257	709
BCPNCO_13880	PPLGEL_09165	48.7	310	141	1	1	292	1	310	1.75e-108	313
BCPNCO_13885	FBNFHD_05595	71.1	284	80	1	1	282	2	285	2.34e-143	400
BCPNCO_13890	AJKFOC_11935	43.9	328	176	5	7	332	6	327	5.49e-85	256
BCPNCO_13890	AGFMKF_04480	43.1	341	180	7	1	336	66	397	5.13e-84	256
BCPNCO_13900	AHFGAK_10390	47.7	375	194	2	1	374	1	374	4.59e-115	336
BCPNCO_13915	OBHJLJ_05995	42.3	659	358	5	3	642	4	659	3.54e-170	497
BCPNCO_13915	IMJCGK_11625	37.0	522	318	7	1	521	1	512	2.67e-101	315
BCPNCO_13915	LJALIN_17780	33.8	535	340	6	3	535	50	572	5.98e-85	274
BCPNCO_13915	EHHHNJ_03925	32.4	547	311	9	1	540	1	495	2.00e-82	268
BCPNCO_13925	EAKJAH_17775	50.7	223	110	0	18	240	64	286	6.90e-71	215
BCPNCO_13930	IAJDHK_12735	50.8	195	94	1	1	193	1	195	1.59e-58	187
BCPNCO_13955	EBFHBG_03010	61.8	463	176	1	3	465	29	490	2.72e-208	581
BCPNCO_14000	LKLDMN_19325	43.5	214	115	3	1	212	1	210	1.65e-55	172
BCPNCO_14010	LMAAGL_07260	44.7	206	110	2	4	206	3	207	5.41e-55	175
BCPNCO_14040	GGKJAP_04230	42.4	429	233	5	4	423	3	426	2.48e-112	335
BCPNCO_14040	NIIHOH_07395	29.5	356	219	7	1	334	48	393	9.32e-43	152
BCPNCO_14055	DBKLJG_08415	38.5	423	255	4	3	425	13	430	1.10e-98	298
BCPNCO_14060	NNEIBI_17365	65.9	126	41	2	16	141	1	124	1.63e-61	181
BCPNCO_14075	ADHKIA_11580	47.1	435	214	8	1	427	1	427	1.48e-103	310
BCPNCO_14080	NNLPHK_08690	39.9	356	212	2	4	358	1	355	1.49e-86	268
BCPNCO_14080	LKAFFP_06110	38.7	346	210	2	11	354	8	353	6.62e-77	242
BCPNCO_14080	FLJHGF_06385	30.4	358	246	2	8	363	3	359	3.13e-57	190
BCPNCO_14085	EOAKDK_06005	46.7	180	95	1	1	180	36	214	8.68e-63	189
BCPNCO_14090	ANBPFB_04615	67.4	565	145	4	2	527	4	568	2.01e-264	732
BCPNCO_14115	JAFONP_12205	31.0	491	336	3	83	572	117	605	2.81e-81	263
BCPNCO_14115	KAJCKN_09590	34.2	482	314	3	91	571	90	569	4.66e-80	259
BCPNCO_14115	OEDLLD_08805	30.9	515	348	4	60	573	218	725	1.83e-72	242
BCPNCO_14115	KMMJBO_11065	27.0	523	344	3	91	576	88	609	1.64e-63	216
BCPNCO_14115	MGCPIK_11245	40.7	231	135	2	339	569	47	275	1.86e-53	180
BCPNCO_14120	JAFONP_12205	38.8	559	335	4	28	584	47	600	1.26e-116	356
BCPNCO_14120	OEDLLD_08805	35.7	496	316	2	91	584	225	719	1.27e-98	312
BCPNCO_14120	KAJCKN_09590	31.3	566	380	5	29	591	12	571	1.15e-75	248
BCPNCO_14120	KMMJBO_11065	25.0	595	402	6	29	584	11	600	4.14e-60	207
BCPNCO_14120	MGCPIK_11245	38.8	281	158	6	308	584	3	273	9.27e-52	176
BCPNCO_14145	EKIEJL_04035	44.6	314	172	1	9	322	8	319	1.02e-94	280
BCPNCO_14145	HFMJLE_01865	35.7	300	180	2	21	308	47	345	2.27e-65	206
BCPNCO_14165	EKIEJL_04035	39.0	313	188	2	2	313	6	316	2.41e-74	228
BCPNCO_14180	CFGLOL_04020	67.4	172	56	0	1	172	50	221	2.51e-83	241
BCPNCO_14195	CNNHAB_12390	43.0	437	239	2	1	428	1	436	1.28e-113	337
BCPNCO_14245	DHNCOO_00765	37.7	302	183	3	5	301	30	331	1.63e-66	208
BCPNCO_14250	NHIAMB_19525	54.2	419	190	2	9	425	118	536	4.27e-159	456
BCPNCO_14250	MDIEPL_13060	47.7	426	214	6	7	426	98	520	8.22e-137	399
BCPNCO_14275	PLPLCB_16105	46.9	356	186	3	1	354	45	399	1.63e-113	332
BCPNCO_14275	HPMMNG_04720	33.7	329	208	3	31	354	31	354	6.98e-54	177
BCPNCO_14290	NEEMKD_01025	36.6	454	270	9	39	484	1	444	9.09e-94	289
BCPNCO_14360	BMJLCO_11060	33.4	401	246	10	15	406	31	419	7.61e-63	205
BCPNCO_14360	OCKFBD_09800	34.7	360	212	11	13	359	32	381	1.82e-52	177
BCPNCO_14420	HEOPIF_01560	38.5	494	285	8	1	482	1	487	4.96e-109	328
BCPNCO_14425	CNNHAB_12390	36.9	439	266	3	1	429	1	438	6.75e-96	291
BCPNCO_14485	HDKNDC_03395	47.6	393	206	0	1	393	1	393	1.42e-132	382
BCPNCO_14495	HGOKLA_19985	42.8	425	189	4	7	378	4	427	7.08e-102	305
BCPNCO_14520	JHFCEN_10015	46.6	236	122	2	1	236	1	232	2.61e-70	211
BCPNCO_14525	IEFHEO_13440	52.8	144	68	0	1	144	1	144	3.72e-57	171
BCPNCO_14535	GLPEDO_16060	50.9	804	302	5	3	717	2	801	1.34e-259	741
BCPNCO_14550	NKBHGG_10765	52.4	319	150	1	6	322	48	366	1.25e-116	338
BCPNCO_14550	ENCFBG_02550	32.2	323	212	5	1	318	45	365	1.33e-50	169
BCPNCO_14555	MIMOKC_00785	51.2	910	364	9	9	839	2	910	5.36e-301	848
BCPNCO_14560	NKCJOK_11325	64.7	173	61	0	1	173	1	173	1.84e-77	225
BCPNCO_14565	FNINNI_04550	67.6	528	157	2	1	522	1	520	2.24e-244	676
BCPNCO_14590	ADAMEB_07400	42.9	734	405	7	8	732	93	821	4.12e-199	580
BCPNCO_14600	CPMPBM_08260	65.9	387	131	1	1	387	1	386	1.20e-187	521
BCPNCO_14630	GNANIN_05050	54.3	324	145	1	6	326	3	326	1.01e-120	347
BCPNCO_14645	DFJNBN_06280	43.4	288	150	5	63	345	111	390	4.50e-75	233
BCPNCO_14650	MDIEPL_01320	42.8	418	233	5	1	416	1	414	5.46e-109	323
BCPNCO_14665	IIPEEC_05240	70.5	457	133	2	6	461	61	516	5.16e-222	617
BCPNCO_14675	KAMEPO_10485	54.4	493	225	0	6	498	180	672	9.00e-183	527
BCPNCO_14705	DEDJGM_09950	49.4	407	190	6	1	392	1	406	7.12e-122	355
BCPNCO_14710	PKNBNM_10200	52.7	387	181	1	1	385	1	387	8.13e-139	397
BCPNCO_14715	NEHECH_01815	49.2	305	151	2	8	311	11	312	1.09e-86	263
BCPNCO_14720	OKDDHK_07450	66.7	156	52	0	1	156	36	191	8.60e-78	226
BCPNCO_14730	LPNJBB_08810	42.4	269	149	3	1	264	1	268	2.29e-59	186
BCPNCO_14735	EAAFOH_08395	59.9	207	83	0	2	208	3	209	1.55e-93	269
BCPNCO_14750	ANAEHF_00370	43.2	241	121	2	18	242	36	276	8.08e-63	198
BCPNCO_14760	ENCFBG_02550	57.6	354	150	0	1	354	27	380	3.70e-145	412
BCPNCO_14760	NKBHGG_10765	36.5	293	177	4	56	344	80	367	6.40e-46	157
BCPNCO_14765	KAHMBC_00285	49.1	279	139	1	7	285	305	580	2.49e-81	252
BCPNCO_14765	OJKFBE_02800	36.3	292	143	5	25	278	43	329	4.02e-52	170
BCPNCO_14770	KAHMBC_00285	54.7	300	132	1	3	302	2	297	5.46e-114	338
BCPNCO_14785	OBMNEO_04895	56.0	377	158	4	112	482	257	631	6.04e-138	408
BCPNCO_14800	LLPFOP_13100	62.4	532	200	0	4	535	58	589	6.33e-250	693
BCPNCO_14815	HAFNKM_03170	43.5	359	169	7	4	340	5	351	2.68e-90	271
BCPNCO_14815	FOHGMI_07400	31.5	337	190	8	4	335	2	302	8.21e-52	170
BCPNCO_14830	EMJJGC_01695	43.4	182	100	2	40	219	35	215	1.09e-49	158
BCPNCO_14845	BLAABG_00920	46.6	279	148	1	1	279	4	281	1.10e-87	259
BCPNCO_14860	JNFNLP_17600	47.1	293	130	4	1	292	8	276	1.60e-86	256
BCPNCO_14865	AGOHIM_16235	65.2	330	115	0	1	330	1	330	1.87e-164	458
BCPNCO_14870	AEOGEB_05770	41.5	371	215	1	1	371	1	369	3.94e-102	303
BCPNCO_14890	AEOGEB_05770	57.2	369	158	0	1	369	1	369	8.28e-155	437
BCPNCO_14900	JECBHO_05075	82.5	120	21	0	1	120	1	120	1.14e-65	197
BCPNCO_14905	EOJLEP_12515	55.4	276	122	1	1	276	1	275	7.07e-103	298
BCPNCO_14915	IDJOEI_06160	49.6	240	116	2	37	271	35	274	2.22e-78	235
BCPNCO_14920	MADIOF_14010	38.4	310	180	4	14	315	14	320	1.08e-68	214
BCPNCO_14935	OBHJLJ_10055	45.5	343	185	1	23	363	22	364	8.92e-107	314
BCPNCO_14935	OACJHM_06000	36.1	352	213	7	21	361	36	386	1.71e-68	219
BCPNCO_14940	GBGCDL_06090	59.1	254	100	4	2	254	77	327	1.77e-95	280
BCPNCO_14945	LKEOCB_14045	49.2	236	119	1	28	263	27	261	7.65e-75	225
BCPNCO_14960	FPHNOE_03040	59.6	267	108	0	1	267	26	292	3.84e-112	321
BCPNCO_14970	DKBPMI_16625	48.7	195	99	1	8	202	17	210	2.50e-60	184
BCPNCO_14990	KJKCNM_14465	37.7	310	184	4	3	312	22	322	2.42e-66	207
BCPNCO_14990	LMAAGL_07260	39.8	216	126	2	1	216	1	212	4.33e-47	155
BCPNCO_15025	AEOGEB_09245	44.1	211	109	3	4	213	6	208	2.51e-54	169
BCPNCO_15025	KIBBKD_19165	40.9	208	121	2	5	212	2	207	6.35e-49	155
BCPNCO_15055	HPIFBD_01690	42.9	326	179	2	1	324	1	321	2.78e-93	276
BCPNCO_15065	NKCJOK_06160	62.3	742	265	4	1	727	19	760	1.84e-312	867
BCPNCO_15065	NMDBHH_21210	33.8	663	358	18	1	588	1	657	4.84e-104	332
BCPNCO_15065	NKDPLI_06995	24.7	655	409	16	5	631	6	604	4.14e-42	161
BCPNCO_15070	LJALIN_17780	69.1	524	161	1	1	524	50	572	1.43e-271	748
BCPNCO_15070	OBHJLJ_05995	30.6	540	358	4	1	525	4	541	8.01e-90	285
BCPNCO_15070	IMJCGK_11625	32.7	511	332	7	1	505	3	507	9.52e-79	252
BCPNCO_15070	EHHHNJ_03925	29.1	532	327	11	1	525	3	491	1.50e-62	211
BCPNCO_15090	NLFOCH_02220	38.9	316	157	7	2	283	9	322	1.30e-60	191
BCPNCO_15090	KNHFLC_14100	39.5	253	141	3	1	245	1	249	7.58e-51	165
BCPNCO_15125	GIAEGI_04580	54.8	157	71	0	232	388	2	158	2.63e-52	168
BCPNCO_15130	FNBBHI_10615	41.6	341	184	6	1	329	37	374	2.46e-84	256
BCPNCO_15145	IDAAGF_01625	33.3	481	273	16	4	460	277	733	1.32e-70	234
BCPNCO_15175	DKDCDL_01975	64.9	202	70	1	1	201	24	225	2.88e-89	258
BCPNCO_15180	HCBGLF_06585	47.3	186	97	1	65	249	9	194	1.06e-58	186
BCPNCO_15185	HEEEIG_05985	53.5	383	174	4	1	381	1	381	1.54e-130	376
BCPNCO_15190	MKENAJ_04070	42.3	381	212	5	3	377	5	383	5.62e-93	280
BCPNCO_15190	BOLFNP_06995	29.0	390	242	12	2	370	36	411	6.50e-43	150
BCPNCO_15195	ALJLGD_18505	46.7	212	112	1	2	212	3	214	1.76e-65	197
BCPNCO_15200	MPNMPI_01965	37.5	304	178	4	2	302	4	298	4.69e-66	210
BCPNCO_15215	DELOGM_05665	48.4	477	235	5	3	477	4	471	4.87e-156	448
BCPNCO_15220	BCPHIN_09760	49.9	475	235	3	1	475	1	472	2.89e-160	459
BCPNCO_15230	NGIBDE_03660	46.9	422	215	5	15	430	86	504	5.42e-126	370
BCPNCO_15240	DELOGM_05175	45.6	263	132	4	1	259	1	256	2.46e-72	220
BCPNCO_15260	KGACJP_08975	45.2	294	151	3	2	285	14	307	3.34e-87	259
BCPNCO_15285	ENNDNJ_17255	55.5	667	267	5	3	641	56	720	6.97e-264	738
BCPNCO_15310	PIPLNM_12695	42.1	653	335	13	408	1050	293	912	1.38e-141	444
BCPNCO_15315	KIFOBE_00370	43.2	206	94	2	1	206	1	183	5.03e-57	175
BCPNCO_15345	CHFKLB_10885	39.5	281	142	7	1	258	7	282	1.73e-58	184
BCPNCO_15360	OJKFBE_14620	44.5	1006	516	6	8	971	2	1007	1.03e-294	841
BCPNCO_15365	OBHJLJ_05995	27.2	574	298	11	1	480	3	550	2.05e-57	199
BCPNCO_15365	EHHHNJ_03925	28.7	502	274	13	3	453	4	472	2.57e-48	172
BCPNCO_15365	LJALIN_17780	30.6	412	237	10	73	470	196	572	6.68e-42	154
BCPNCO_15375	NEHECH_06065	47.1	189	97	3	96	284	326	511	5.20e-49	166
BCPNCO_15380	NNLPHK_08690	42.7	365	206	3	6	370	3	364	5.19e-87	271
BCPNCO_15380	LKAFFP_06110	39.7	360	212	4	11	368	8	364	1.66e-80	253
BCPNCO_15385	EHHHNJ_03925	45.0	638	291	7	3	629	3	591	3.81e-175	507
BCPNCO_15385	OBHJLJ_05995	30.0	677	411	17	3	632	4	664	1.19e-83	272
BCPNCO_15385	LJALIN_17780	29.6	533	357	9	3	527	50	572	3.54e-72	240
BCPNCO_15385	IMJCGK_11625	32.3	520	320	12	1	504	1	504	9.25e-64	215
BCPNCO_15395	EAGKMD_10480	64.6	435	154	0	1	435	62	496	6.21e-213	592
BCPNCO_15420	EOGDPL_27240	35.3	385	238	4	21	402	417	793	3.09e-76	249
BCPNCO_15420	AIOPCH_03715	30.1	392	269	2	16	402	107	498	7.70e-71	228
BCPNCO_15420	NPLHCN_14260	28.2	397	278	2	8	402	149	540	1.15e-52	186
BCPNCO_15425	CPCJJL_13635	39.3	394	221	8	7	384	14	405	3.30e-85	261
BCPNCO_15455	LMAAGL_07260	51.9	208	99	1	5	212	3	209	6.84e-70	213
BCPNCO_15480	NEFOEM_04370	41.1	358	203	3	1	351	1	357	3.63e-94	281
BCPNCO_15515	AEOEGG_04380	56.4	1048	437	8	35	1067	58	1100	0.0	1240
BCPNCO_15515	GMHKEG_05155	28.7	822	487	23	51	852	4	746	6.01e-90	304
BCPNCO_15525	PHEGCG_16825	52.4	212	100	1	1	211	230	441	1.20e-72	225
BCPNCO_15525	PCHHPE_15625	40.5	200	115	3	14	211	18	215	3.64e-45	150
BCPNCO_15540	PHEGCG_16825	49.8	217	108	1	1	216	230	446	5.21e-68	213
BCPNCO_15545	PHEGCG_16825	37.4	211	131	1	13	222	7	217	9.62e-46	154
BCPNCO_15625	PHEGCG_16825	49.8	213	105	2	1	212	230	441	4.22e-66	208
BCPNCO_15645	PKNBNM_10200	52.4	370	174	1	1	368	1	370	1.79e-133	384
BCPNCO_15675	AEOGEB_05770	31.8	374	237	9	5	365	1	369	4.11e-49	166
BCPNCO_15700	JLFFKH_10735	44.8	346	190	1	2	347	4	348	1.40e-107	315
BCPNCO_15705	LPHKDC_03635	46.1	293	158	0	1	293	1	293	1.53e-82	248
BCPNCO_15710	GCDEGP_05015	45.8	566	243	13	17	538	31	576	4.27e-143	427
BCPNCO_15720	ANAEHF_02140	45.6	250	133	2	7	253	7	256	1.29e-69	215
BCPNCO_15735	BLHEAE_07080	65.4	280	97	0	2	281	16	295	1.16e-137	387
BCPNCO_15760	JPGONO_05465	43.9	426	232	3	118	536	118	543	1.10e-107	329
BCPNCO_15765	JEKOGE_21950	49.0	251	122	2	353	602	226	471	2.70e-67	227
BCPNCO_15775	ECLNLI_04625	63.3	177	65	0	5	181	25	201	4.80e-81	236
BCPNCO_15780	MCCICN_05395	52.5	280	132	1	1	280	1	279	9.43e-98	285
BCPNCO_15800	HJGNEK_06795	44.2	260	145	0	2	261	1	260	4.15e-75	226
BCPNCO_15810	AEGBGH_07565	73.6	129	33	1	3	130	10	138	2.64e-60	178
BCPNCO_15815	LPAOAJ_05615	60.8	143	56	0	1	143	61	203	3.90e-59	178
BCPNCO_15825	FOMOBF_02515	57.2	250	103	2	1	247	1	249	4.34e-96	280
BCPNCO_15830	BCFHOD_10075	47.4	285	149	1	1	285	1	284	7.02e-88	260
BCPNCO_15835	BCFHOD_10075	41.3	259	147	4	26	280	22	279	2.03e-58	184
BCPNCO_15840	KPCHOM_01925	73.0	111	30	0	4	114	41	151	6.04e-53	159
BCPNCO_15845	NPACKI_02020	59.1	318	126	3	1	315	1	317	7.19e-128	364
BCPNCO_15850	ANAEHF_05660	49.5	206	93	3	1	206	1	195	9.84e-59	179
BCPNCO_15855	JHIMFH_02475	80.5	118	23	0	14	131	21	138	1.10e-66	194
BCPNCO_15860	EGMGCA_06090	69.4	124	36	1	3	124	1	124	7.30e-56	166
BCPNCO_15875	EGEACP_03415	56.3	247	108	0	1	247	16	262	4.47e-98	284
BCPNCO_15880	DFHILB_18235	74.2	213	52	1	1	213	1	210	8.46e-114	320
BCPNCO_15885	DLFNKE_04470	43.3	466	221	6	1	425	1	464	3.95e-118	349
BCPNCO_15890	AJKFOC_09065	63.3	147	53	1	1	146	1	147	1.97e-54	164
BCPNCO_15900	GNANIN_06060	72.0	164	46	0	2	165	13	176	3.76e-82	236
BCPNCO_15910	ALJLGD_10060	75.4	179	44	0	1	179	35	213	1.34e-94	270
BCPNCO_15915	JKJAJN_00245	58.3	132	53	1	1	132	1	130	2.23e-53	160
BCPNCO_15925	FEAPNK_12085	64.2	179	64	0	2	180	10	188	1.37e-86	249
BCPNCO_15935	AAPNJG_07775	85.5	124	16	1	1	122	1	124	1.36e-73	211
BCPNCO_15950	CJMCHC_02490	71.3	136	39	0	1	136	1	136	8.02e-66	194
BCPNCO_15955	DEDJGM_13625	62.2	209	78	1	1	209	1	208	6.18e-87	258
BCPNCO_15970	DPDMEB_04415	63.5	274	100	0	1	274	28	301	6.50e-121	344
BCPNCO_15980	DPDMEB_04405	52.8	218	91	1	1	206	1	218	3.81e-71	212
BCPNCO_15985	MFOGNL_14960	59.2	206	82	1	3	208	2	205	2.77e-86	250
BCPNCO_15995	IFDCNO_03920	73.1	398	105	2	1	397	32	428	5.61e-206	570
BCPNCO_16000	JIBNCO_01295	63.9	700	237	3	3	686	35	734	0.0	905
BCPNCO_16000	FKJBDL_04740	39.3	685	410	3	5	685	45	727	2.57e-169	499
BCPNCO_16000	HGOKLA_01315	24.9	690	448	14	9	663	2	656	9.16e-61	212
BCPNCO_16000	PPPHGA_13940	23.8	693	419	13	13	665	15	638	2.90e-46	173
BCPNCO_16000	HFPDKM_12815	28.3	481	311	11	7	475	41	499	1.52e-42	158
BCPNCO_16005	JOOEPC_00745	66.0	156	53	0	1	156	44	199	8.76e-72	211
BCPNCO_16010	GBFPPP_00960	75.7	136	20	1	1	123	22	157	1.89e-66	194
BCPNCO_16020	OEKCMO_01405	56.6	1362	388	11	6	1167	12	1370	0.0	1445
BCPNCO_16025	EEOPDA_05455	62.0	1232	402	8	2	1170	6	1234	0.0	1481
BCPNCO_16040	GLOKCI_14050	67.1	228	75	0	2	229	23	250	3.60e-104	298
BCPNCO_16045	BPPMOK_07490	74.5	141	36	0	1	141	19	159	1.25e-70	206
BCPNCO_16050	NLMKLO_11100	55.6	169	75	0	4	172	75	243	3.94e-70	209
BCPNCO_16065	IFDCNO_03920	73.1	398	105	2	1	397	32	428	5.61e-206	570
BCPNCO_16090	MPNMPI_08090	46.1	243	127	2	12	251	6	247	1.91e-72	218
BCPNCO_16105	OJPNIC_09355	42.5	221	127	0	3	223	2	222	3.92e-67	205
BCPNCO_16110	KKGKIC_13160	51.1	393	189	2	1	391	8	399	6.99e-140	401
BCPNCO_16115	GBJPGG_09795	43.6	225	95	5	1	202	7	222	4.46e-53	166
BCPNCO_16120	EKLPOK_11260	42.2	199	110	2	50	243	56	254	2.65e-46	152
BCPNCO_16125	DNJKHC_10565	59.4	330	133	1	1	330	1	329	5.44e-134	381
BCPNCO_16130	LCBAOM_08305	49.5	186	93	1	1	185	1	186	1.42e-67	202
BCPNCO_16135	FIGKOO_11715	42.4	458	243	9	28	469	135	587	1.21e-104	320
BCPNCO_16135	KHCMCM_03020	34.3	440	268	9	42	471	43	471	2.08e-78	249
BCPNCO_16165	KPNMII_11605	50.3	559	269	6	1	554	1	555	1.20e-181	519
BCPNCO_16170	LJGBCE_12900	63.1	550	199	2	1	546	31	580	1.48e-242	675
BCPNCO_16170	GIBOLB_11285	41.1	547	290	8	17	544	13	546	1.30e-120	363
BCPNCO_16175	PKHOKF_04630	60.1	358	139	1	4	357	95	452	5.34e-146	417
BCPNCO_16180	EIKLNG_11410	60.9	156	61	0	1	156	1	156	3.03e-64	204
BCPNCO_16185	HIADJD_12750	35.1	424	268	6	1	422	1	419	3.85e-74	239
BCPNCO_16200	KMGACI_09375	52.7	461	210	4	1	456	8	465	2.27e-160	458
BCPNCO_16200	PDHKAH_02565	38.6	474	271	7	3	461	5	473	2.32e-103	313
BCPNCO_16205	NIFJOO_10840	55.1	537	235	4	10	541	5	540	4.19e-202	572
BCPNCO_16215	MFKGBO_06890	32.7	318	199	2	1	316	1	305	1.03e-59	190
BCPNCO_16215	DNHLFN_07150	30.6	317	205	2	1	317	1	302	3.85e-47	157
BCPNCO_16220	JIBABB_11530	41.9	279	153	2	22	300	72	341	1.65e-68	213
BCPNCO_16220	ADMHII_10200	35.3	249	137	3	71	300	213	456	3.66e-43	150
BCPNCO_16230	NEEMKD_13085	56.1	228	96	3	100	323	1	228	1.69e-84	251
BCPNCO_16240	CGCKMD_06365	68.4	367	111	1	1	367	53	414	1.36e-175	491
BCPNCO_16245	DEALLF_19395	57.0	142	51	1	1	132	1	142	2.80e-54	163
BCPNCO_16250	EDPPFC_01500	50.3	346	171	1	9	353	8	353	1.02e-115	336
BCPNCO_16255	JCMKKN_07565	48.5	454	228	4	1	450	1	452	2.25e-144	416
BCPNCO_16260	BDLLLF_08695	51.2	772	364	7	45	811	181	944	8.80e-258	738
BCPNCO_16265	KBOILM_00790	57.6	340	143	1	1	339	1	340	3.09e-140	397
BCPNCO_16315	GGKJAP_00545	48.4	465	232	4	1	461	1	461	8.85e-140	417
BCPNCO_16315	PBJMKO_02295	35.6	455	278	8	13	461	3	448	5.80e-75	238
BCPNCO_16320	JIDGJJ_02675	68.6	462	144	1	1	461	65	526	3.20e-244	673
BCPNCO_16330	CPMPBM_10790	55.9	485	208	4	26	509	11	490	4.13e-188	537
BCPNCO_16335	ONBPBO_08675	51.9	156	73	1	5	158	3	158	6.52e-49	151
BCPNCO_16340	CGJECG_04975	49.1	316	156	3	2	313	5	319	5.77e-100	293
BCPNCO_16345	LDGBGO_07050	47.7	262	130	3	1	260	1	257	5.73e-78	233
BCPNCO_16345	FPHNOE_08970	37.1	259	158	2	1	258	1	255	8.45e-57	179
BCPNCO_16350	OBGAOG_06790	54.6	205	92	1	352	556	3	206	5.30e-72	225
BCPNCO_16355	ACCPON_01955	46.8	603	301	11	9	601	11	603	4.24e-168	489
BCPNCO_16360	JAPGFK_10680	44.4	171	95	0	5	175	6	176	4.08e-49	153
BCPNCO_16365	GKEJOP_10070	45.4	458	235	10	5	453	5	456	1.04e-120	357
BCPNCO_16425	FPHHHP_11230	58.2	507	212	0	1	507	1	507	6.02e-207	581
BCPNCO_16425	HJGNEK_11040	25.8	473	319	6	12	456	19	487	2.40e-42	155
BCPNCO_16430	CNNHAB_03230	46.5	172	87	2	11	182	5	171	3.29e-48	151
BCPNCO_16440	ODHFDB_00935	42.0	1140	615	7	6	1099	35	1174	3.76e-309	894
BCPNCO_16440	JKEOBL_06960	37.4	1133	673	11	32	1148	44	1156	9.99e-246	728
BCPNCO_16440	DHOMEH_12720	32.4	445	227	7	623	999	253	691	1.32e-56	206
BCPNCO_16445	IBBLIJ_03525	46.3	162	85	1	1	160	1	162	5.70e-48	150
BCPNCO_16455	GANHPB_00400	29.6	463	307	9	21	475	17	468	3.32e-60	201
BCPNCO_16465	DKDCDL_00950	69.0	319	98	1	1	318	13	331	1.44e-156	437
BCPNCO_16470	JFOKOO_02910	43.5	191	108	0	257	447	13	203	5.27e-55	179
BCPNCO_16480	ANHNJA_13465	59.8	261	105	0	7	267	29	289	1.84e-105	304
BCPNCO_16485	GNBNBP_10965	64.8	458	160	1	1	458	1	457	1.57e-221	613
BCPNCO_16515	BFIMKO_02670	43.1	376	200	7	76	450	43	405	7.71e-104	311
BCPNCO_16515	NGIGMC_08570	36.5	348	168	5	95	394	145	487	3.35e-68	223
BCPNCO_16515	INGAKC_09930	34.7	320	197	8	95	408	149	462	6.15e-53	181
BCPNCO_16520	GKEJOP_02715	46.9	211	111	1	1	210	1	211	9.78e-65	196
BCPNCO_16555	CFMBFO_15475	44.7	340	153	3	8	312	3	342	3.15e-102	300
BCPNCO_16575	ANGKFO_01360	41.2	294	169	4	4	295	3	294	3.85e-86	256
BCPNCO_16585	ICHLBC_08475	39.4	436	240	9	1	420	1	428	1.14e-88	282
BCPNCO_16590	NIIHOH_00330	31.2	615	310	6	17	518	57	671	5.76e-91	303
BCPNCO_16600	MNAECF_18475	49.1	234	104	2	1	219	1	234	4.74e-73	218
BCPNCO_16615	LOEBFA_04170	47.5	244	127	1	1	243	1	244	8.78e-77	229
BCPNCO_16625	JCMKKN_07165	46.6	264	131	4	4	265	2	257	1.44e-71	217
BCPNCO_16630	INKIHH_11820	49.0	257	131	0	11	267	9	265	2.99e-82	244
BCPNCO_16635	JFOKOO_10945	49.2	388	194	1	30	417	26	410	3.67e-127	370
BCPNCO_16675	IMLPOL_12395	34.6	419	236	9	17	424	3	394	2.85e-67	216
BCPNCO_16710	KJKCNM_14465	42.7	218	124	1	4	220	23	240	1.31e-59	188
BCPNCO_16745	NJKLPJ_08545	65.1	344	118	1	3	344	25	368	3.75e-171	477
BCPNCO_16750	JIBNCO_17045	50.2	723	337	6	37	743	49	764	1.48e-256	725
BCPNCO_16770	OEDLLD_08805	48.7	729	341	5	1	699	1	726	8.61e-227	647
BCPNCO_16770	JAFONP_12205	38.4	516	313	1	182	697	95	605	7.29e-118	363
BCPNCO_16770	KAJCKN_09590	33.3	483	318	2	216	696	89	569	1.22e-81	266
BCPNCO_16770	KMMJBO_11065	28.9	553	352	4	182	697	57	605	6.36e-68	231
BCPNCO_16770	MGCPIK_11245	42.0	243	140	1	462	704	44	285	1.83e-59	198
BCPNCO_16770	NDBPJJ_01855	35.6	267	152	5	414	666	301	561	1.23e-40	153
BCPNCO_16775	KMMJBO_11065	42.2	588	295	5	29	580	29	607	8.46e-133	397
BCPNCO_16775	KAJCKN_09590	38.7	550	326	5	29	577	30	569	1.20e-117	357
BCPNCO_16775	OEDLLD_08805	31.2	490	335	2	88	577	236	723	4.18e-70	236
BCPNCO_16775	JAFONP_12205	29.2	586	383	6	3	577	40	604	6.73e-69	230
BCPNCO_16775	MGCPIK_11245	37.7	228	140	1	343	570	45	270	2.22e-50	172
BCPNCO_16805	ENGCDO_01175	58.6	244	99	2	3	244	52	295	3.29e-92	270
BCPNCO_16810	MGCPIK_03845	70.2	457	135	1	11	466	49	505	1.66e-242	668
BCPNCO_16820	OCKFBD_09800	67.4	405	132	0	3	407	15	419	7.75e-205	567
BCPNCO_16840	JEKOGE_06050	35.6	450	276	9	11	453	10	452	4.78e-69	223
BCPNCO_16855	EEOPDA_04385	47.6	389	197	5	1	386	1	385	1.83e-122	356
BCPNCO_16855	MDMJGO_07865	40.4	391	227	5	1	389	1	387	1.80e-106	315
BCPNCO_16860	EEOPDA_04385	49.0	388	192	4	1	385	1	385	1.81e-127	369
BCPNCO_16860	MDMJGO_07865	41.5	390	223	4	1	388	1	387	1.83e-111	328
BCPNCO_16880	PIPLNM_12695	50.9	572	262	6	505	1075	362	915	9.90e-178	540
BCPNCO_16920	FOLEJH_15465	57.3	321	135	2	3	323	8	326	3.13e-125	385
BCPNCO_16940	ENNKMM_10645	58.3	633	249	6	1	624	54	680	1.74e-253	709
BCPNCO_16940	PPPHGA_13235	30.0	467	262	9	10	421	12	468	6.06e-50	181
BCPNCO_16945	KHMKPO_15140	35.7	465	298	1	47	510	57	521	4.01e-98	302
BCPNCO_16945	PHMEJC_20060	31.9	451	297	5	42	485	64	511	1.80e-67	223
BCPNCO_17000	EDPPFC_05720	52.8	246	103	2	1	243	6	241	9.07e-79	234
BCPNCO_17030	PEFDJK_08990	46.2	173	93	0	210	382	2	174	3.47e-51	166
BCPNCO_17070	IMJCGK_11625	60.8	515	200	2	1	514	1	514	2.32e-229	637
BCPNCO_17070	OBHJLJ_05995	31.7	523	342	7	3	511	4	525	2.85e-79	257
BCPNCO_17070	LJALIN_17780	32.1	496	322	7	3	491	50	537	1.90e-69	229
BCPNCO_17070	EHHHNJ_03925	27.9	520	318	11	3	512	3	475	4.28e-56	194
BCPNCO_17075	PAJAIK_09955	43.7	183	97	1	28	210	13	189	2.38e-49	156
BCPNCO_17080	MFGBFB_07135	68.3	208	62	3	1	208	1	204	1.28e-102	291
BCPNCO_17090	FKEMDL_10030	42.5	577	179	4	1	425	7	582	5.36e-147	427
BCPNCO_17145	OMINCF_06730	36.2	445	262	4	4	439	4	435	3.37e-80	251
BCPNCO_17145	GKLKJE_14420	30.5	446	309	1	1	445	5	450	6.65e-79	249
BCPNCO_17145	DIFDMH_04115	29.5	390	268	4	2	388	5	390	1.11e-55	187
BCPNCO_17145	NGIBDE_08595	30.6	458	292	9	4	448	47	491	6.66e-55	186
BCPNCO_17145	ADMHII_00410	39.0	200	122	0	5	204	11	210	2.03e-45	153
BCPNCO_17225	BGHMFE_04500	52.7	664	307	6	3	664	4	662	5.73e-248	696
BCPNCO_17260	PBAKMA_15545	62.5	307	113	2	1	306	1	306	4.50e-138	389
BCPNCO_17335	MDMJGO_07865	35.3	371	228	7	1	363	1	367	4.86e-79	244
BCPNCO_17335	EEOPDA_04385	33.3	366	233	5	1	359	1	362	1.76e-61	199
BCPNCO_17400	KJKCNM_14465	37.0	319	181	5	2	314	18	322	2.61e-56	181
BCPNCO_17415	BGHMFE_04500	29.6	651	396	17	4	606	5	641	2.45e-71	239
BCPNCO_17425	CEPJKO_06065	48.6	175	88	1	79	253	12	184	1.74e-53	168
BCPNCO_17445	KAJCKN_09590	57.4	573	240	3	1	570	1	572	1.60e-210	594
BCPNCO_17445	KMMJBO_11065	34.6	612	362	3	3	576	2	613	3.33e-113	347
BCPNCO_17445	JAFONP_12205	30.7	576	382	4	3	569	39	606	1.54e-80	261
BCPNCO_17445	OEDLLD_08805	32.1	524	339	4	57	568	206	724	6.81e-70	235
BCPNCO_17445	MGCPIK_11245	36.7	278	173	2	299	576	12	286	1.63e-58	193
BCPNCO_17450	OEDLLD_08805	40.7	563	300	3	62	624	197	725	1.70e-133	404
BCPNCO_17450	JAFONP_12205	33.6	610	360	7	16	623	39	605	8.27e-106	329
BCPNCO_17450	KMMJBO_11065	26.9	550	383	6	86	624	65	606	1.15e-60	209
BCPNCO_17450	MGCPIK_11245	41.1	231	135	1	389	619	45	274	2.91e-56	188
BCPNCO_17480	PJGAFD_04830	47.7	344	175	2	1	343	1	340	1.80e-111	324
BCPNCO_17505	AKJKEO_08215	34.2	468	277	7	62	511	131	585	1.15e-71	239
BCPNCO_17505	BBKFDB_00315	32.3	505	296	12	10	501	6	477	6.77e-62	207
BCPNCO_17520	ANBPFB_04615	68.0	566	177	3	2	564	4	568	9.89e-270	747
BCPNCO_17585	PIPLNM_12695	43.7	1020	419	14	1	966	1	919	3.50e-263	756
BCPNCO_17590	HAAAJJ_06910	50.4	1264	590	13	215	1448	441	1697	0.0	1197
BCPNCO_17630	FGDENG_17745	36.4	305	193	1	1	305	1	304	1.86e-62	197
BCPNCO_17640	BDIMAC_08940	30.7	563	333	18	2	532	6	543	1.59e-62	210
BCPNCO_17650	BPPMOK_02305	42.4	316	171	5	1	306	1	315	5.70e-85	254
BCPNCO_17705	LPAOAJ_10890	44.1	161	90	0	6	166	5	165	3.01e-48	151
BCPNCO_17720	PKLMMB_01070	41.0	283	156	4	2	277	3	281	2.05e-62	207
BCPNCO_17720	MHMDOE_03535	35.3	272	159	6	2	264	10	273	4.95e-45	160
BCPNCO_17750	PDFOOG_08375	51.5	241	115	2	1	240	3	242	3.91e-79	234
BCPNCO_17795	MFGBFB_07135	46.7	212	104	4	1	211	1	204	3.90e-64	194
BCPNCO_17825	BDEHPM_10945	45.7	256	136	3	16	270	1	254	3.82e-77	232
BCPNCO_17835	DFHILB_11720	52.8	303	137	4	1	299	1	301	1.47e-102	298
BCPNCO_17835	NICIMJ_05420	32.8	305	194	7	1	299	39	338	1.97e-44	151
BCPNCO_17935	ALJLGD_02565	59.1	472	186	5	3	470	62	530	5.65e-190	536
BCPNCO_17970	LMAAGL_07260	38.9	239	140	4	1	238	1	234	2.10e-48	158
BCPNCO_18030	HPMMNG_01440	90.4	157	15	0	1	157	137	293	2.64e-106	301
BCPNCO_18060	AOOCMJ_18300	37.5	251	152	2	2	251	3	249	1.15e-57	181
BCPNCO_18065	MDIEPL_01320	44.4	419	228	4	1	417	1	416	7.51e-112	331
BCPNCO_18100	PCHHPE_18365	44.0	691	357	6	10	677	9	692	1.16e-200	578
BCPNCO_18120	EEGFHJ_17085	44.7	398	215	5	1	396	1	395	3.19e-114	335
BCPNCO_18135	OEDLLD_10335	36.8	310	188	4	5	313	5	307	2.16e-69	215
BCPNCO_18175	LKLDMN_19325	46.8	218	109	4	18	232	6	219	6.86e-56	174
BCPNCO_18185	BAAIKL_11970	53.1	175	81	1	8	181	6	180	5.70e-63	191
BCPNCO_18195	NGIBDE_03660	47.5	419	211	5	69	479	87	504	1.96e-131	386
BCPNCO_18205	NKCJOK_06160	47.1	607	304	6	1	591	19	624	4.12e-192	559
BCPNCO_18205	NMDBHH_21210	36.1	659	346	18	1	587	1	656	1.86e-113	357
BCPNCO_18215	NPKNPB_04480	54.1	281	127	1	4	284	6	284	1.10e-104	303
BCPNCO_18220	IJGGGM_15885	53.2	444	198	3	1	443	1	435	9.48e-169	478
BCPNCO_18220	AADGFO_06055	50.9	446	211	3	4	441	27	472	6.14e-150	452
BCPNCO_18235	AHPIPH_01830	65.2	408	142	0	1	408	16	423	9.17e-199	552
BCPNCO_18240	EDPPFC_16165	45.6	248	127	3	5	249	3	245	2.04e-65	200
BCPNCO_18245	JKBIAL_06555	59.7	303	118	3	3	305	2	300	1.04e-120	345
BCPNCO_18250	CFELJI_04890	53.4	305	140	1	8	310	6	310	5.33e-105	305
BCPNCO_18260	IDJOEI_10225	44.5	362	162	4	1	323	1	362	1.56e-102	301
BCPNCO_18270	OKLCDA_08070	48.4	376	169	4	2	352	7	382	1.13e-120	350
BCPNCO_18295	LKLDMN_19325	41.6	219	125	1	2	220	4	219	1.67e-57	178
BCPNCO_18300	JAEGOD_06035	45.7	396	212	3	1	395	3	396	1.82e-118	347
BCPNCO_18305	NIFNPL_02540	42.9	326	158	9	1	322	1	302	4.37e-82	248
BCPNCO_18310	CHOGBF_02525	40.3	298	174	2	27	320	29	326	2.87e-68	213
BCPNCO_18360	AIGKOF_07555	41.8	402	230	4	2	402	9	407	3.69e-95	290
BCPNCO_18360	PEAHOH_01300	32.7	407	262	6	2	402	4	404	3.20e-62	202
BCPNCO_18375	OKNPEK_06340	56.8	428	182	2	1	428	1	425	5.47e-190	530
BCPNCO_18375	LAMMKD_09880	41.8	423	245	1	1	423	56	477	6.96e-120	354
BCPNCO_18385	FAIDMJ_00870	45.8	463	238	8	3	455	40	499	6.71e-132	387
BCPNCO_18405	PAHPGF_09515	32.2	283	191	1	4	286	5	286	2.09e-48	159
BCPNCO_18425	GIBOLB_11285	51.0	567	259	3	6	572	3	550	1.84e-207	585
BCPNCO_18425	LJGBCE_12900	41.0	561	290	9	22	572	53	582	4.84e-127	381
BCPNCO_18445	KJKCNM_14465	37.7	318	178	5	1	312	19	322	7.95e-58	185
BCPNCO_18485	LKLDMN_19325	47.3	226	110	2	1	226	1	217	1.17e-71	214
BCPNCO_18495	EDPPFC_05720	51.0	239	115	1	3	241	6	242	1.47e-81	241
BCPNCO_18530	NIPFKF_13915	56.6	242	80	4	4	221	2	242	1.28e-88	258
BCPNCO_18535	FOHGMI_00905	63.9	194	69	1	3	195	70	263	2.06e-85	249
BCPNCO_18545	NEEMKD_13085	54.9	226	100	2	97	320	1	226	3.03e-82	245
BCPNCO_18555	ADMHII_10200	32.9	410	148	4	24	306	48	457	7.57e-63	202
BCPNCO_18555	JIBABB_11530	36.5	282	178	1	22	303	59	339	3.81e-58	186
BCPNCO_18560	DNHLFN_07150	40.5	306	179	3	1	306	1	303	1.41e-71	220
BCPNCO_18560	MFKGBO_06890	34.2	307	197	4	1	304	1	305	2.40e-55	178
BCPNCO_18565	AAHMDH_12575	30.7	577	361	13	2	563	5	557	3.38e-72	237
BCPNCO_18570	AAHMDH_12575	47.8	556	280	3	1	548	1	554	3.41e-183	523
BCPNCO_18575	NEEMKD_13085	56.4	227	95	3	100	323	1	226	1.34e-89	264
BCPNCO_18580	NEEMKD_13085	41.4	227	127	5	95	317	1	225	6.76e-51	165
BCPNCO_18585	JIBABB_11530	39.6	275	166	0	30	304	67	341	4.58e-69	214
BCPNCO_18585	ADMHII_10200	46.1	245	109	1	84	305	213	457	1.87e-67	214
BCPNCO_18590	DNHLFN_07150	41.8	306	176	2	1	306	1	304	1.25e-82	248
BCPNCO_18590	MFKGBO_06890	37.1	307	187	4	1	303	1	305	1.02e-62	197
BCPNCO_18600	AAHMDH_12575	48.7	556	274	4	1	547	1	554	2.88e-184	526
BCPNCO_18605	NEEMKD_13085	55.8	226	98	2	100	323	1	226	3.82e-89	263
BCPNCO_18610	NEEMKD_13085	40.1	227	130	5	95	317	1	225	8.97e-48	157
BCPNCO_18615	JIBABB_11530	38.2	275	170	0	33	307	67	341	5.65e-68	212
BCPNCO_18615	ADMHII_10200	45.7	245	110	1	87	308	213	457	5.76e-67	213
BCPNCO_18620	DNHLFN_07150	43.5	306	171	2	1	306	1	304	7.75e-84	251
BCPNCO_18620	MFKGBO_06890	36.8	307	188	4	1	303	1	305	6.46e-64	200
BCPNCO_18660	FGMGBK_12975	26.9	475	329	7	6	476	11	471	6.91e-54	184
BCPNCO_18660	ADJBEN_14145	29.5	376	259	5	111	481	22	396	6.27e-51	174
BCPNCO_18665	KPNMII_11605	34.1	542	340	9	23	553	3	538	2.48e-83	266
BCPNCO_18680	OOMOLM_10315	63.0	820	290	6	3	810	7	825	0.0	943
BCPNCO_18680	PJGAFD_00175	34.9	547	335	8	270	813	89	617	1.64e-99	318
BCPNCO_18680	INHOHM_11200	32.7	571	354	11	260	817	156	709	3.14e-77	261
BCPNCO_18680	ALODHP_02915	30.6	533	359	6	238	767	126	650	3.06e-71	244
BCPNCO_18680	DIIMPP_11540	29.3	553	328	12	240	751	53	583	9.42e-49	180
BCPNCO_18710	NEALDO_03765	35.1	302	191	3	8	305	4	304	1.29e-57	185
BCPNCO_18775	LKBNNH_02180	56.5	131	57	0	1	131	1	131	6.24e-50	154
BCPNCO_18790	JOFPOO_08530	55.4	233	101	2	1	232	1	231	1.10e-87	255
BCPNCO_18795	IDBFDI_13260	40.6	900	521	8	3	899	1	889	3.96e-214	627
BCPNCO_18805	NMPEPJ_05060	42.5	193	101	1	2	194	1	183	1.95e-48	153
BCPNCO_18810	DIIMPP_11540	56.0	682	287	6	5	676	15	693	9.72e-241	680
BCPNCO_18810	OOMOLM_10315	31.1	544	336	15	39	568	250	768	2.15e-56	202
BCPNCO_18815	APHOBL_06710	55.3	586	229	3	4	557	2	586	8.53e-214	602
BCPNCO_18995	BGMBNC_07920	47.7	436	222	4	8	440	12	444	8.81e-139	402
BCPNCO_19000	NGBLNP_01320	52.8	553	253	4	81	633	60	604	3.96e-195	558
BCPNCO_19000	NEHECH_06135	44.2	500	258	7	146	632	41	532	1.12e-128	387
BCPNCO_19010	KAIHOP_08130	35.9	644	381	10	41	661	48	682	1.18e-124	381
BCPNCO_19070	MEIOOM_03965	51.0	249	121	1	2	250	97	344	2.38e-92	272
BCPNCO_19080	LKEOCB_18790	48.9	225	113	2	14	238	12	234	4.10e-73	219
BCPNCO_19085	PNJNHA_07840	49.1	609	283	4	10	617	15	597	5.43e-190	545
BCPNCO_19090	ODHFDB_12125	42.7	483	249	7	5	459	11	493	3.91e-117	348
BCPNCO_19090	EKDKGG_09510	40.8	338	198	2	5	341	2	338	2.79e-83	261
BCPNCO_19095	CAHMAH_16055	53.3	210	95	2	1	208	1	209	9.46e-62	188
BCPNCO_19160	IDAAGF_01625	41.6	483	248	12	6	469	274	741	4.20e-111	341
BCPNCO_19210	OMINCF_03955	31.2	378	248	7	126	496	83	455	3.31e-50	175
BCPNCO_19285	MAHJHN_05475	61.3	856	329	1	3	858	8	861	0.0	1057
BCPNCO_19285	LEJEEC_08915	38.3	386	210	4	468	853	16	373	6.84e-79	256
BCPNCO_19285	HAFNKM_08490	34.1	399	228	8	459	853	12	379	3.48e-61	208
BCPNCO_19285	OLKGPM_09705	31.4	385	223	10	478	856	47	396	1.44e-44	169
BCPNCO_19415	OLKGPM_09705	48.9	393	196	2	1	391	4	393	1.74e-114	350
BCPNCO_19415	LEJEEC_08915	34.0	335	194	5	41	364	20	338	7.54e-51	171
BCPNCO_19415	MAHJHN_05475	33.5	373	204	8	47	379	481	849	1.59e-50	178
BCPNCO_19470	KKGKIC_03535	36.5	274	163	1	5	278	4	266	1.98e-60	189
BCPNCO_19485	JAFONP_12205	30.8	575	386	5	158	725	35	604	8.64e-76	253
BCPNCO_19485	OEDLLD_08805	32.9	495	314	6	241	725	237	723	3.38e-74	251
BCPNCO_19485	KAJCKN_09590	35.1	388	227	7	356	730	199	574	1.31e-60	210
BCPNCO_19485	MGCPIK_11245	40.1	262	153	2	472	733	28	285	2.53e-54	185
BCPNCO_19485	KMMJBO_11065	23.8	534	350	11	251	736	91	615	1.23e-39	151
BCPNCO_19510	DEDJGM_09950	47.3	406	198	6	1	391	1	405	4.45e-115	338
BCPNCO_19520	MMNNJC_07175	51.3	314	149	3	4	313	145	458	7.42e-103	306
BCPNCO_19560	AHPIPH_01830	50.5	406	198	2	3	406	19	423	4.24e-134	388
BCPNCO_19570	NIJAON_03930	43.3	291	150	5	2	279	3	291	2.03e-74	226
BCPNCO_19615	IDNIFB_15035	38.2	544	328	5	1	536	1	544	1.76e-117	365
BCPNCO_19640	EDGMOJ_05785	33.3	336	205	4	11	336	48	374	4.97e-59	191
BCPNCO_19650	NGMOPK_00295	38.9	576	312	5	1	540	1	572	4.23e-124	377
BCPNCO_19730	NMNMDH_14380	48.0	244	119	3	2	238	43	285	1.03e-77	232
BCPNCO_19730	OKHOCL_06130	39.5	238	143	1	2	239	43	279	3.40e-55	174
BCPNCO_19875	HJGNEK_09000	33.7	609	360	12	1	597	10	586	2.64e-94	299
BCPNCO_19875	BPPMOK_10790	31.5	634	354	17	11	589	44	652	8.33e-77	253
BCPNCO_19935	MAHJHN_05475	61.0	856	332	1	3	858	8	861	0.0	1036
BCPNCO_19940	FCHPAI_09745	47.6	210	103	2	9	215	13	218	8.94e-62	189
BCPNCO_19945	ALJKBN_17780	54.7	214	96	1	9	221	4	217	9.17e-81	237
