BPNJPA_00090	OHPCOF_10190	43.8	406	223	4	5	407	6	409	6.07e-110	325
BPNJPA_00100	DKAAEG_05225	41.7	278	156	4	1	276	1	274	9.27e-66	203
BPNJPA_00120	AOOCMJ_11975	53.4	410	173	3	2	398	3	407	2.53e-132	384
BPNJPA_00125	BEHLNB_01715	45.1	428	203	6	46	472	3	399	1.55e-110	330
BPNJPA_00130	PPPHGA_25390	55.6	764	216	3	7	647	9	772	3.24e-272	762
BPNJPA_00130	OJBOFE_04935	34.9	677	395	15	4	651	23	682	2.18e-114	354
BPNJPA_00130	FCAKMF_01695	33.0	669	420	16	5	655	8	666	4.64e-106	332
BPNJPA_00135	JIBNCO_15410	56.4	236	103	0	11	246	19	254	1.76e-83	253
BPNJPA_00145	ONBPBO_06850	47.2	411	188	6	3	392	3	405	7.29e-118	351
BPNJPA_00175	PPPHGA_13235	62.7	735	211	7	1	673	1	734	8.66e-312	862
BPNJPA_00175	ENNKMM_10645	29.4	469	259	12	5	445	56	480	1.93e-55	197
BPNJPA_00190	IDAAGF_13140	46.0	350	179	4	38	380	79	425	1.08e-96	291
BPNJPA_00200	CFELJI_01420	47.5	314	149	2	5	317	5	303	8.09e-89	264
BPNJPA_00205	BKEOOB_02685	46.8	222	118	0	2	223	4	225	1.03e-67	204
BPNJPA_00205	LKLDMN_19325	39.8	216	122	4	2	213	4	215	4.91e-49	156
BPNJPA_00210	LCBCLP_15410	43.6	358	199	3	1	358	1	355	2.04e-99	295
BPNJPA_00210	IDNIFB_04595	39.0	351	210	3	8	355	7	356	9.67e-87	263
BPNJPA_00220	DDOCLK_06550	66.4	521	172	1	12	529	28	548	2.39e-259	716
BPNJPA_00255	CHFKLB_13610	44.2	1240	622	17	3	1192	4	1223	0.0	940
BPNJPA_00255	NKCJOK_09390	37.0	1314	701	19	3	1194	4	1312	9.71e-258	764
BPNJPA_00260	NPLHCN_07855	40.3	1178	616	13	2	1101	18	1186	1.81e-297	860
BPNJPA_00275	IDJOEI_06160	36.7	264	141	6	20	269	19	270	1.09e-58	185
BPNJPA_00315	ANGKFO_08925	41.9	210	118	2	9	217	23	229	2.29e-48	155
BPNJPA_00335	IMMPMF_02225	55.8	231	96	3	1	230	1	226	1.08e-84	248
BPNJPA_00385	IHHBLC_12520	43.5	269	150	1	5	271	6	274	4.67e-71	216
BPNJPA_00395	BDLJCC_11630	42.7	323	168	5	54	360	101	422	6.63e-69	219
BPNJPA_00400	APHOBL_08810	43.9	214	118	2	5	216	11	224	3.23e-60	185
BPNJPA_00405	MNAECF_09745	53.0	443	203	3	1	440	26	466	2.44e-157	449
BPNJPA_00410	HONECH_05975	48.3	302	152	3	17	317	18	316	8.63e-89	265
BPNJPA_00415	ANAEHF_03930	47.2	335	173	3	18	350	14	346	7.98e-94	283
BPNJPA_00420	CCDOAK_00015	68.5	504	158	1	2	504	27	530	2.61e-243	673
BPNJPA_00425	ODHFDB_06390	51.6	384	169	5	9	379	1	380	1.99e-135	389
BPNJPA_00430	AEGBGH_02400	51.1	421	201	3	3	422	25	441	1.39e-138	400
BPNJPA_00440	AEGBGH_02380	46.2	338	176	4	3	340	9	340	2.51e-100	296
BPNJPA_00450	AKJKEO_08460	36.9	388	230	5	12	386	66	451	1.99e-72	238
BPNJPA_00480	AMDFLH_11040	52.4	208	97	2	68	275	1	206	1.65e-66	205
BPNJPA_00510	APAIPM_14090	54.8	312	86	4	4	264	3	310	1.71e-113	325
BPNJPA_00515	OKHOCL_06685	50.3	308	145	3	14	320	1	301	1.25e-102	300
BPNJPA_00520	OKHOCL_06690	41.3	424	244	4	1	424	1	419	6.09e-110	327
BPNJPA_00520	KPFMEK_26910	37.9	427	229	8	1	425	33	425	4.85e-91	278
BPNJPA_00535	IDAAGF_01625	52.0	475	210	7	7	477	281	741	5.48e-169	491
BPNJPA_00550	ACCPON_01955	54.9	607	254	8	9	605	5	601	5.86e-211	600
BPNJPA_00555	CGHKFF_05285	54.8	208	89	3	264	467	1	207	1.52e-64	204
BPNJPA_00570	KAEPKB_12610	47.8	274	140	2	1	271	1	274	5.82e-90	265
BPNJPA_00575	HJMBIE_16980	70.2	326	95	1	3	328	34	357	3.33e-165	461
BPNJPA_00580	LJOEIG_03945	49.4	269	134	1	120	388	8	274	2.59e-89	267
BPNJPA_00635	INKIHH_07930	51.1	378	182	3	3	379	2	377	2.01e-125	363
BPNJPA_00660	IFHDGK_04315	70.8	366	102	1	3	363	265	630	4.47e-196	551
BPNJPA_00670	JIBNCO_17045	50.2	683	328	5	88	763	87	764	8.89e-240	683
BPNJPA_00675	NJKLPJ_08545	72.9	347	94	0	1	347	22	368	4.07e-197	543
BPNJPA_00680	BAJPMC_08090	76.7	360	84	0	1	360	24	383	1.18e-206	568
BPNJPA_00755	DKDGNM_03660	48.3	151	78	0	238	388	9	159	3.68e-45	154
BPNJPA_00760	PPPHGA_13940	51.9	1034	335	10	1	877	1	1029	0.0	975
BPNJPA_00760	HGOKLA_01315	49.7	157	79	0	11	167	2	158	4.71e-39	151
BPNJPA_00765	EDPPFC_05720	52.5	242	113	2	4	245	3	242	1.20e-81	241
BPNJPA_00780	BPEEIP_15400	39.1	271	152	7	5	266	42	308	4.26e-54	174
BPNJPA_00800	MAHJHN_05475	71.4	860	241	3	14	872	8	863	0.0	1249
BPNJPA_00800	LEJEEC_08915	40.1	382	201	4	490	871	26	379	3.84e-87	279
BPNJPA_00800	OLKGPM_09705	29.6	399	235	10	480	868	34	396	2.11e-45	172
BPNJPA_00805	FAIDMJ_00835	40.9	257	136	8	230	484	74	316	3.45e-49	167
BPNJPA_00810	DPDMEB_04545	64.2	201	47	2	1	176	1	201	8.72e-73	214
BPNJPA_00815	NPACKI_02020	75.3	320	75	2	1	319	1	317	1.24e-167	465
BPNJPA_00820	ANAEHF_05660	51.8	197	93	2	1	197	1	195	2.87e-63	191
BPNJPA_00825	JHIMFH_02475	83.0	112	19	0	20	131	27	138	3.68e-65	191
BPNJPA_00830	EGMGCA_06090	75.8	124	28	1	1	122	1	124	2.71e-64	187
BPNJPA_00845	DFHILB_18235	58.7	213	85	1	1	213	1	210	1.27e-89	259
BPNJPA_00850	DLFNKE_04470	41.5	480	221	10	1	436	1	464	1.88e-120	355
BPNJPA_00855	AJKFOC_09065	81.0	147	27	1	1	146	1	147	9.69e-76	218
BPNJPA_00865	GNANIN_06060	68.5	168	52	1	2	169	10	176	3.42e-72	211
BPNJPA_00875	ALJLGD_10060	61.7	180	69	0	1	180	35	214	5.10e-71	210
BPNJPA_00880	JKJAJN_00245	64.7	133	44	1	1	133	1	130	1.09e-58	174
BPNJPA_00890	FEAPNK_12085	66.7	177	59	0	3	179	12	188	1.68e-89	256
BPNJPA_00900	AAPNJG_07775	78.2	124	25	1	1	122	1	124	3.29e-65	190
BPNJPA_00915	CJMCHC_02490	73.9	157	29	1	1	145	1	157	9.27e-83	236
BPNJPA_00920	DEDJGM_13625	66.3	208	69	1	1	207	1	208	5.95e-94	276
BPNJPA_00935	DPDMEB_04415	88.6	280	32	0	1	280	28	307	3.52e-182	499
BPNJPA_00945	DPDMEB_04405	70.6	218	52	1	1	206	1	218	2.45e-98	281
BPNJPA_00950	MFOGNL_14960	61.8	225	67	4	3	227	2	207	5.48e-86	250
BPNJPA_00955	NEDFAA_04305	95.1	103	5	0	1	103	74	176	7.20e-64	187
BPNJPA_00960	JFOKOO_01465	58.9	282	113	3	1	281	1	280	9.84e-118	336
BPNJPA_00965	IBDNDD_05395	47.3	237	122	3	6	239	4	240	2.90e-66	202
BPNJPA_00970	KGIFHM_06865	50.0	192	96	0	11	202	4	195	4.54e-59	180
BPNJPA_00985	ADOCAH_14825	45.4	240	131	0	3	242	4	243	1.03e-69	211
BPNJPA_00990	OMINCF_06730	36.4	426	264	3	7	430	3	423	2.51e-93	285
BPNJPA_00990	GKLKJE_14420	32.4	447	299	2	1	446	1	445	6.18e-71	228
BPNJPA_00990	NGIBDE_08595	34.3	388	239	8	6	386	45	423	4.30e-58	195
BPNJPA_00990	ADMHII_00410	40.0	205	123	0	1	205	3	207	1.99e-45	153
BPNJPA_01000	DPDMEB_15410	47.2	536	258	9	25	541	2	531	2.51e-172	494
BPNJPA_01005	CJHDOF_00045	29.3	533	258	18	62	490	68	585	4.28e-51	183
BPNJPA_01010	ELNOCH_01590	54.8	485	212	2	1	485	33	510	1.53e-193	570
BPNJPA_01010	PPPHGA_08905	38.7	473	280	5	2	468	3	471	1.22e-120	362
BPNJPA_01015	ELNOCH_01590	66.4	749	251	1	5	753	533	1280	0.0	985
BPNJPA_01015	DEAEDM_14640	39.4	795	414	14	17	753	29	813	6.84e-173	513
BPNJPA_01025	NJJKOA_12030	60.1	641	248	3	9	644	8	645	3.52e-292	807
BPNJPA_01080	OKLCDA_08070	52.0	369	153	4	3	348	10	377	3.86e-130	374
BPNJPA_01085	NPKNPB_04480	49.6	266	132	1	17	282	24	287	2.04e-83	258
BPNJPA_01090	IJGGGM_15885	53.7	443	195	3	1	442	1	434	2.92e-160	456
BPNJPA_01090	AADGFO_06055	48.0	448	223	5	3	441	26	472	3.64e-131	403
BPNJPA_01105	AHPIPH_01830	56.9	411	177	0	1	411	16	426	3.26e-163	462
BPNJPA_01110	EDPPFC_16165	48.6	245	124	2	2	246	3	245	7.65e-70	211
BPNJPA_01115	JKBIAL_06555	47.5	301	153	5	3	300	2	300	2.64e-85	255
BPNJPA_01120	CFELJI_04890	54.1	307	139	1	4	308	3	309	9.34e-109	315
BPNJPA_01130	IDJOEI_10225	46.9	360	150	2	2	320	3	362	5.68e-104	305
BPNJPA_01140	JEKOGE_06050	37.4	449	268	4	10	452	7	448	2.34e-92	284
BPNJPA_01140	JDIFCN_01505	44.4	241	130	2	8	244	2	242	3.73e-59	191
BPNJPA_01140	DNBNEF_09455	30.5	436	287	6	18	446	16	442	1.87e-52	179
BPNJPA_01150	JHLGGO_16935	47.1	310	135	3	6	315	699	979	6.29e-88	279
BPNJPA_01155	JHLGGO_16935	63.6	313	112	2	3	315	335	645	8.81e-147	434
BPNJPA_01170	JHLGGO_16935	50.6	174	85	1	7	180	118	290	2.51e-51	174
BPNJPA_01200	NEHECH_03510	51.4	210	101	1	1	210	1	209	4.20e-67	206
BPNJPA_01200	KJKCNM_14465	37.8	222	135	2	1	220	22	242	3.96e-46	155
BPNJPA_01215	OGFCAC_13505	40.2	366	196	10	22	378	2	353	1.09e-71	225
BPNJPA_01220	ODKGDC_11860	44.8	556	251	7	31	562	2	525	1.19e-149	437
BPNJPA_01225	JLJJEA_09515	46.7	330	174	2	376	704	2	330	3.05e-91	284
BPNJPA_01230	CJHDOF_01680	70.4	287	83	1	1	287	1	285	7.95e-146	407
BPNJPA_01245	ELNOCH_10340	48.1	291	150	1	1	291	1	290	6.14e-99	290
BPNJPA_01255	PIHIOG_02935	59.4	310	123	2	1	309	1	308	1.78e-123	353
BPNJPA_01260	KDNFKF_00210	48.4	287	143	3	1	285	1	284	8.69e-88	260
BPNJPA_01265	CFMBFO_15145	52.6	325	125	3	31	326	5	329	2.96e-106	311
BPNJPA_01270	CJHDOF_08685	50.9	430	204	4	1	425	1	428	1.57e-130	379
BPNJPA_01270	OEDLLD_01520	30.2	431	276	7	2	411	4	430	2.26e-55	186
BPNJPA_01270	OHAPKC_02295	41.2	226	125	3	170	388	33	257	5.71e-49	165
BPNJPA_01295	GPHIJJ_07705	47.2	426	219	3	1	422	1	424	3.05e-124	365
BPNJPA_01365	IFDCNO_03920	87.9	397	48	0	1	397	32	428	7.71e-262	711
BPNJPA_01370	JIBNCO_01295	79.8	703	142	0	1	703	32	734	0.0	1142
BPNJPA_01370	FKJBDL_04740	38.5	697	411	7	6	700	45	725	1.24e-159	475
BPNJPA_01370	HGOKLA_01315	26.0	703	432	15	13	679	5	655	3.95e-53	191
BPNJPA_01370	HFPDKM_12815	27.1	490	313	11	8	486	41	497	3.33e-44	163
BPNJPA_01370	PPPHGA_13940	24.6	712	420	19	14	689	15	645	8.78e-41	156
BPNJPA_01375	JOOEPC_00745	69.9	156	47	0	1	156	44	199	1.86e-73	215
BPNJPA_01380	GBFPPP_00960	94.2	139	8	0	1	139	22	160	1.99e-90	256
BPNJPA_01390	LMBKNE_04610	67.3	480	154	2	1	480	75	551	3.83e-246	680
BPNJPA_01395	MGCPIK_09490	61.0	369	140	2	11	375	51	419	9.72e-147	419
BPNJPA_01400	NIIHOH_18445	44.6	514	164	11	4	403	3	509	2.58e-111	332
BPNJPA_01405	MOJDIP_04095	49.8	207	95	3	5	209	7	206	1.87e-62	190
BPNJPA_01410	BDEHPM_13855	48.5	536	271	3	5	536	5	539	2.83e-163	471
BPNJPA_01420	FKEMDL_01610	67.6	367	118	1	1	366	17	383	1.25e-173	485
BPNJPA_01420	NEHECH_07515	37.1	310	189	5	4	309	49	356	4.21e-64	207
BPNJPA_01425	NEHECH_07515	57.8	329	137	1	3	329	45	373	1.63e-133	387
BPNJPA_01425	FKEMDL_01610	35.8	324	206	2	3	325	16	338	2.31e-64	208
BPNJPA_01430	GNBNBP_10965	48.9	446	225	3	12	457	13	455	8.91e-137	397
BPNJPA_01440	CHOGBF_02525	46.2	338	170	5	1	331	1	333	1.61e-94	280
BPNJPA_01445	CMLBML_12860	49.9	375	173	2	15	389	7	366	4.67e-131	377
BPNJPA_01450	CHFKLB_14210	45.6	712	312	15	13	653	10	717	4.51e-172	505
BPNJPA_01455	IDBFDI_13260	34.8	264	165	4	90	350	631	890	1.39e-41	151
BPNJPA_01460	JOFPOO_08530	59.5	232	88	2	3	232	4	231	7.87e-94	271
BPNJPA_01475	OEKCMO_01405	56.3	1357	393	11	13	1176	10	1359	0.0	1417
BPNJPA_01480	EEOPDA_05455	73.4	1281	308	10	1	1253	1	1276	0.0	1837
BPNJPA_01495	GLOKCI_14050	64.5	228	81	0	2	229	21	248	9.24e-105	299
BPNJPA_01500	BPPMOK_07490	81.8	137	25	0	1	137	19	155	3.04e-78	225
BPNJPA_01505	NLMKLO_11100	53.8	169	78	0	3	171	75	243	4.08e-67	201
BPNJPA_01515	JHIMFH_03870	44.9	535	280	6	1	534	1	521	2.03e-149	436
BPNJPA_01525	EBLBNC_02485	69.7	119	36	0	2	120	99	217	3.11e-59	180
BPNJPA_01530	PFNDEF_04205	49.1	868	422	9	3	863	5	859	9.23e-286	811
BPNJPA_01530	NLNKCD_09525	33.0	503	300	11	345	834	118	596	7.22e-76	257
BPNJPA_01530	KKMOGI_12335	34.9	424	249	9	354	763	41	451	1.61e-63	218
BPNJPA_01640	MDAJGJ_00800	35.9	543	308	5	4	509	68	607	2.83e-107	335
BPNJPA_01710	OLKGPM_09705	62.2	328	124	0	3	330	74	401	1.90e-132	395
BPNJPA_01710	LEJEEC_08915	34.8	302	171	5	3	292	53	340	2.30e-48	164
BPNJPA_01715	OLKGPM_09705	63.4	309	113	0	1	309	426	734	1.55e-138	409
BPNJPA_01725	ANBPFB_04615	74.2	570	120	2	1	543	1	570	1.40e-304	834
BPNJPA_01760	KGLJGB_05040	41.6	255	119	3	12	236	7	261	3.34e-58	185
BPNJPA_01775	IJGGGM_11235	41.5	224	122	3	243	466	121	335	2.39e-49	178
BPNJPA_01820	KBBIGL_09515	32.7	370	214	12	7	368	5	347	1.69e-43	151
BPNJPA_01955	MEIOOM_03965	35.7	255	157	4	10	264	97	344	4.18e-50	164
BPNJPA_01970	KBBIGL_09515	51.8	353	159	3	1	351	1	344	7.95e-124	357
BPNJPA_02035	KBBIGL_09515	46.0	361	181	4	1	360	1	348	4.50e-107	314
BPNJPA_02080	JGACAL_04805	56.1	510	221	2	6	515	7	513	4.17e-214	598
BPNJPA_02145	JEKOGE_06050	34.6	445	281	4	1	439	1	441	5.03e-76	241
BPNJPA_02160	PHMEJC_20060	83.5	492	80	1	1	492	46	536	9.47e-312	846
BPNJPA_02160	KHMKPO_15140	34.0	377	241	5	120	492	149	521	5.24e-62	207
BPNJPA_02165	FIGKOO_08375	65.1	126	41	2	22	146	22	145	3.29e-54	166
BPNJPA_02175	FCMMOP_09475	46.9	258	132	2	11	266	33	287	3.19e-76	230
BPNJPA_02180	LKEOCB_03390	32.5	329	201	4	19	326	7	335	2.98e-55	180
BPNJPA_02185	JCMKKN_05780	48.2	1091	538	11	3	1083	4	1077	0.0	1013
BPNJPA_02195	OAEEIH_06680	57.9	273	112	1	1	270	38	310	8.91e-107	308
BPNJPA_02195	MLDKME_23815	37.9	277	167	2	1	272	2	278	4.31e-57	181
BPNJPA_02200	PHMEJC_01780	67.2	232	76	0	2	233	29	260	1.49e-118	335
BPNJPA_02205	IFIEJI_09795	48.3	174	90	0	1	174	1	174	3.07e-49	161
BPNJPA_02215	OLKGPM_05245	44.3	221	123	0	2	222	3	223	3.41e-57	177
BPNJPA_02220	BLAABG_00920	46.3	287	148	4	1	286	1	282	1.72e-84	251
BPNJPA_02235	PGIDOF_19085	50.4	240	116	2	3	239	2	241	9.67e-85	249
BPNJPA_02240	IFFOPK_14205	46.8	476	245	5	8	482	9	477	6.14e-144	417
BPNJPA_02245	JLJPKD_12840	51.6	347	162	3	1	347	31	371	8.35e-120	347
BPNJPA_02245	FOHGMI_07400	29.7	357	188	6	1	346	1	305	6.55e-49	163
BPNJPA_02250	APHOBL_11345	67.3	459	146	1	1	455	148	606	1.03e-224	627
BPNJPA_02255	KKGKIC_03535	49.6	268	133	2	1	268	1	266	5.08e-94	274
BPNJPA_02255	FMNLNK_06465	35.0	266	171	2	3	268	2	265	8.07e-51	164
BPNJPA_02270	OEDLLD_10335	48.7	310	156	1	3	312	4	310	9.32e-102	297
BPNJPA_02285	ANENGB_06875	42.6	216	122	1	6	221	6	219	1.29e-57	178
BPNJPA_02290	EBLBNC_04335	59.2	206	81	2	3	208	63	265	6.65e-87	254
BPNJPA_02335	LMAAGL_07260	39.4	208	124	2	5	211	3	209	1.62e-48	158
BPNJPA_02350	PIHIOG_12120	49.4	312	158	0	9	320	1	312	6.64e-104	303
BPNJPA_02390	GOBLEJ_20785	43.8	235	101	7	4	210	11	242	5.62e-62	189
BPNJPA_02395	NICIMJ_05420	60.8	306	120	0	1	306	39	344	1.54e-132	377
BPNJPA_02395	DFHILB_11720	34.3	306	190	5	1	300	1	301	3.75e-51	167
BPNJPA_02400	OJPNIC_09355	42.9	254	142	2	2	255	9	259	7.34e-71	214
BPNJPA_02405	KKGKIC_13160	52.4	382	179	2	3	382	7	387	1.49e-134	388
BPNJPA_02410	GBJPGG_09795	52.8	216	83	1	1	197	7	222	9.85e-72	213
BPNJPA_02420	DNJKHC_10565	46.5	333	173	3	1	332	1	329	1.38e-88	266
BPNJPA_02425	LCBAOM_08305	66.3	187	63	0	1	187	1	187	4.19e-87	252
BPNJPA_02430	FIGKOO_11715	61.5	491	180	1	3	484	107	597	8.03e-214	600
BPNJPA_02430	KHCMCM_03020	31.9	442	278	8	52	482	48	477	9.51e-65	213
BPNJPA_02475	HJGNEK_01760	33.9	298	190	4	1	294	1	295	6.39e-57	181
BPNJPA_02480	DIIMPP_04560	42.0	288	162	2	27	311	21	306	4.66e-71	219
BPNJPA_02480	DEBDFK_23780	32.1	274	179	3	27	296	16	286	2.92e-48	160
BPNJPA_02520	CPJNAH_07045	49.1	643	228	10	2	567	4	624	1.49e-200	570
BPNJPA_02525	ICGKAE_07920	59.5	316	124	1	1	312	1	316	9.89e-140	396
BPNJPA_02535	IDNIFB_15035	48.6	797	400	5	1	791	1	793	6.09e-223	642
BPNJPA_02540	MCPLNH_08930	37.6	226	129	5	7	229	4	220	1.38e-46	150
BPNJPA_02545	GANHPB_00400	42.9	452	255	1	16	464	13	464	1.97e-119	354
BPNJPA_02555	KDFPIB_00410	75.4	337	83	0	1	337	43	379	1.64e-175	488
BPNJPA_02585	BGMBNC_07920	48.7	431	215	3	9	438	12	437	9.68e-137	397
BPNJPA_02595	KAIHOP_08130	51.7	683	324	4	2	679	2	683	5.85e-250	703
BPNJPA_02600	FKEMDL_06390	47.3	406	202	3	1	400	1	400	2.47e-112	333
BPNJPA_02615	EDBAJH_08800	100	95	0	0	1	95	42	136	1.95e-66	192
BPNJPA_02640	ENPFGE_09215	44.1	270	147	2	3	270	8	275	9.01e-75	240
BPNJPA_02645	LEGHLG_09460	44.5	236	131	0	198	433	200	435	1.62e-62	205
BPNJPA_02690	OEKCMO_04465	32.5	323	197	4	245	561	278	585	7.52e-45	164
BPNJPA_02705	LLKPMB_09945	68.7	332	91	7	10	333	51	377	4.39e-138	393
BPNJPA_02840	IDAAGF_01625	49.4	498	211	13	3	490	277	743	1.02e-161	473
BPNJPA_02875	ECMPMP_08745	41.4	304	174	4	7	308	15	316	7.47e-68	211
BPNJPA_02880	OPDKDG_08630	61.9	223	84	1	47	269	1	222	1.59e-95	277
BPNJPA_02885	OGGMNN_06920	91.5	94	8	0	19	112	1	94	9.86e-54	164
BPNJPA_02895	LKEOCB_18860	57.6	198	83	1	1	198	1	197	6.36e-80	233
BPNJPA_02905	MLIPEK_01420	44.7	360	192	3	3	360	2	356	1.14e-94	293
BPNJPA_02910	LKEOCB_03390	48.7	357	169	6	3	357	8	352	1.87e-107	315
BPNJPA_02915	PODFGD_12430	59.7	139	56	0	148	286	1	139	2.18e-54	169
BPNJPA_02925	CJHDOF_00045	49.6	671	308	8	2	649	10	673	6.03e-237	672
BPNJPA_02930	ACCPON_01955	43.9	618	305	12	2	600	3	597	3.64e-159	467
BPNJPA_02940	GKEJOP_10070	32.1	464	308	5	17	476	1	461	6.87e-80	253
BPNJPA_02985	ANOIGO_10885	36.3	441	228	8	3	441	1	390	1.77e-75	238
BPNJPA_03010	BIKKBB_09420	48.4	550	276	3	2	546	3	549	5.32e-175	513
BPNJPA_03025	NAGHPK_09505	40.3	477	278	6	5	479	4	475	5.63e-120	357
BPNJPA_03030	FOLEJH_17180	43.8	308	169	3	19	326	21	324	4.06e-63	199
BPNJPA_03035	CCDOAK_00015	33.9	493	315	4	5	487	30	521	5.31e-86	271
BPNJPA_03035	IOBNAI_13140	43.7	213	118	1	281	491	1	213	4.95e-56	182
BPNJPA_03035	MIKFNA_15845	38.0	234	141	2	257	488	1	232	5.08e-49	165
BPNJPA_03050	PHMEJC_03885	87.7	407	50	0	1	407	65	471	9.25e-267	726
BPNJPA_03060	BBKFDB_00315	50.0	492	230	6	1	483	2	486	9.06e-152	438
BPNJPA_03060	AKJKEO_08215	34.6	520	285	14	4	476	66	577	2.37e-77	253
BPNJPA_03075	ELHJGG_11730	59.3	241	96	1	1	241	1	239	5.14e-100	288
BPNJPA_03085	FOMOBF_02515	56.8	241	101	1	1	238	1	241	2.27e-90	265
BPNJPA_03090	BCFHOD_10075	49.5	279	139	2	1	278	1	278	7.62e-91	268
BPNJPA_03095	BCFHOD_10075	42.2	263	143	5	25	281	21	280	1.44e-61	192
BPNJPA_03100	DHNCOO_00765	45.9	296	153	4	10	298	37	332	1.28e-78	239
BPNJPA_03105	CFGLOL_04020	88.8	170	19	0	1	170	50	219	5.92e-114	319
BPNJPA_03125	IDNIFB_04595	41.6	257	150	0	46	302	104	360	2.41e-68	213
BPNJPA_03125	LCBCLP_15410	40.0	265	155	3	35	298	91	352	5.20e-60	192
BPNJPA_03175	LKLDMN_19325	37.6	218	132	2	6	223	4	217	1.44e-50	161
BPNJPA_03180	OEDLLD_08805	41.8	545	280	4	83	625	216	725	2.71e-132	401
BPNJPA_03180	JAFONP_12205	34.0	605	357	7	16	620	39	601	3.65e-108	335
BPNJPA_03180	MGCPIK_11245	43.5	232	130	1	389	620	44	274	5.54e-58	193
BPNJPA_03180	KMMJBO_11065	25.1	626	432	10	16	625	2	606	2.55e-56	197
BPNJPA_03185	KAJCKN_09590	53.6	573	264	2	1	572	1	572	2.89e-193	550
BPNJPA_03185	KMMJBO_11065	36.6	606	346	4	3	571	2	606	2.76e-115	352
BPNJPA_03185	OEDLLD_08805	32.6	503	336	2	70	571	225	725	6.83e-78	257
BPNJPA_03185	JAFONP_12205	29.1	484	340	2	89	571	125	606	2.18e-66	223
BPNJPA_03185	MGCPIK_11245	36.8	277	169	3	301	577	14	284	1.85e-54	182
BPNJPA_03205	CGFENC_13365	36.8	277	165	5	10	281	63	334	1.52e-46	156
BPNJPA_03210	GCDEGP_08150	62.5	301	113	0	35	335	98	398	5.48e-134	384
BPNJPA_03265	PPDBCL_05260	50.4	339	157	4	18	354	19	348	3.88e-118	345
BPNJPA_03270	FGCNNA_15325	45.1	328	173	3	524	847	432	756	9.65e-83	278
BPNJPA_03270	HAINKJ_00320	39.9	348	197	5	506	845	371	714	5.13e-70	242
BPNJPA_03275	JOFPOO_08530	37.3	225	138	1	4	228	7	228	3.40e-50	160
BPNJPA_03330	ELHJGG_08225	38.7	253	145	4	3	253	2	246	7.99e-51	163
BPNJPA_03350	BGHMFE_04500	31.3	736	405	19	39	754	5	659	1.14e-106	337
BPNJPA_03360	PIPLNM_21055	41.0	461	263	6	1	456	3	459	3.92e-119	353
BPNJPA_03365	OLKGPM_10185	51.4	212	94	3	5	214	6	210	7.03e-71	211
BPNJPA_03370	NAABFI_09330	61.8	304	115	1	1	304	1	303	1.52e-145	409
BPNJPA_03370	OMINCF_07275	36.9	306	189	3	2	306	5	307	1.82e-73	225
BPNJPA_03375	LKAFFP_00125	44.8	442	242	2	16	456	11	451	7.15e-134	390
BPNJPA_03380	KGACJP_08975	78.7	287	61	0	1	287	22	308	3.07e-159	442
BPNJPA_03405	JFOKOO_10025	61.8	754	269	8	1	752	1	737	0.0	899
BPNJPA_03435	NEEMKD_06435	48.0	427	210	5	8	434	5	419	1.66e-136	395
BPNJPA_03460	KCPKPB_06465	63.1	350	129	0	2	351	25	374	5.95e-166	464
BPNJPA_03460	KNCJAM_10130	34.3	361	222	7	3	349	2	361	2.57e-61	198
BPNJPA_03470	BOMHNF_20155	62.6	123	46	0	1	123	31	153	5.28e-56	169
BPNJPA_03480	GBFPPP_01860	51.1	178	87	0	13	190	24	201	7.41e-64	193
BPNJPA_03545	EAAFOH_08395	64.3	207	74	0	2	208	3	209	6.06e-98	280
BPNJPA_03550	ANAEHF_00370	51.0	241	101	2	31	254	36	276	1.85e-70	223
BPNJPA_03560	BGHMFE_04500	30.3	674	416	18	3	641	8	662	1.13e-79	262
BPNJPA_03625	KDFPIB_14345	45.3	139	76	0	100	238	178	316	3.10e-45	150
BPNJPA_03640	DEAEDM_14640	49.0	789	396	4	27	813	29	813	5.43e-260	739
BPNJPA_03640	ELNOCH_01590	41.7	796	407	14	23	815	541	1282	2.60e-195	588
BPNJPA_03645	AEOEGG_04380	84.0	1048	163	1	1	1048	58	1100	0.0	1847
BPNJPA_03645	GMHKEG_05155	26.8	837	512	21	5	831	1	746	1.13e-88	300
BPNJPA_03680	MKABCP_06035	33.0	388	153	5	4	325	3	349	9.48e-57	185
BPNJPA_03690	EAGKMD_04415	35.8	413	229	12	5	401	10	402	2.80e-62	203
BPNJPA_03690	EIHNKJ_05190	42.2	218	124	2	178	394	109	325	1.58e-51	172
BPNJPA_03715	PHBJAG_07175	39.9	223	129	3	2	219	3	225	2.25e-55	173
BPNJPA_03725	LKLDMN_19325	42.7	220	121	3	4	223	3	217	1.89e-53	169
BPNJPA_03805	LKLDMN_19325	42.7	220	121	3	4	223	3	217	1.89e-53	169
BPNJPA_03815	PHBJAG_07175	39.9	223	129	3	2	219	3	225	2.25e-55	173
BPNJPA_03840	EAGKMD_04415	35.8	413	229	12	5	401	10	402	2.80e-62	203
BPNJPA_03840	EIHNKJ_05190	42.2	218	124	2	178	394	109	325	1.58e-51	172
BPNJPA_03845	BDLLLF_08695	43.7	806	370	7	74	862	210	948	2.38e-211	621
BPNJPA_03850	CNNHAB_04465	39.8	402	232	5	1	399	1	395	3.14e-91	277
BPNJPA_03850	KIFOBE_00585	34.5	400	248	5	1	397	1	389	9.92e-69	219
BPNJPA_03865	LKLDMN_19325	43.7	222	120	2	1	222	1	217	2.92e-63	194
BPNJPA_03870	FHGONL_02310	41.6	671	380	6	1	661	1	669	2.08e-152	452
BPNJPA_03890	FHGONL_08930	57.6	399	169	0	1	399	1	399	3.13e-173	488
BPNJPA_03895	LMAAGL_07260	36.4	228	138	3	5	225	3	230	1.14e-46	151
BPNJPA_03925	INHOHM_09930	55.3	492	214	1	1	486	54	545	3.56e-184	523
BPNJPA_03930	FKNOEG_18960	43.8	505	259	9	5	499	139	628	1.73e-125	377
BPNJPA_04050	PHBJAG_07175	40.7	226	131	2	1	223	1	226	2.60e-63	193
BPNJPA_04055	GOMFON_01025	36.9	360	179	9	3	349	1	325	7.16e-67	210
BPNJPA_04060	DCNHNC_05375	48.2	757	350	6	5	720	4	759	5.73e-262	738
BPNJPA_04090	DIIMPP_04560	37.5	293	173	4	23	308	14	303	5.72e-60	190
BPNJPA_04095	HJGNEK_01760	36.2	276	175	1	24	298	20	295	1.17e-67	209
BPNJPA_04095	HMNLEO_04995	33.2	268	175	4	34	298	26	292	3.18e-47	156
BPNJPA_04105	KCDKMK_07335	34.4	346	200	10	24	356	26	357	1.16e-58	196
BPNJPA_04115	MGOMDC_14445	65.9	170	58	0	17	186	37	206	5.33e-75	221
BPNJPA_04130	MKBKLI_04730	45.8	190	102	1	3	191	4	193	3.84e-52	162
BPNJPA_04135	LNKMPC_13665	38.9	208	121	2	17	218	62	269	2.05e-43	152
BPNJPA_04140	CFELJI_06925	37.4	265	141	6	7	255	14	269	2.21e-45	150
BPNJPA_04155	HJGNEK_06795	47.3	258	135	1	4	261	1	257	1.68e-75	227
BPNJPA_04160	FKNOEG_18960	52.1	495	227	4	8	496	140	630	3.13e-166	481
BPNJPA_04170	AIGKOF_12030	71.9	331	92	1	6	336	54	383	1.22e-173	483
BPNJPA_04255	IPLLHO_16745	48.0	281	138	3	25	298	27	306	2.06e-85	255
BPNJPA_04265	FLKHEJ_00860	47.5	451	221	7	3	450	2	439	3.27e-133	387
BPNJPA_04285	FMAOBM_02935	59.0	249	92	5	1	243	1	245	5.34e-102	293
BPNJPA_04290	COHCOF_08135	72.8	114	31	0	1	114	38	151	3.12e-53	160
BPNJPA_04300	EGEPOE_05725	48.4	283	142	2	1	280	1	282	1.15e-93	275
BPNJPA_04310	IBDNDD_10640	47.6	225	115	2	28	250	32	255	8.90e-59	183
BPNJPA_04320	APCDKJ_01660	45.9	259	139	1	23	281	11	268	2.59e-81	243
BPNJPA_04335	HEOPIF_01560	54.0	491	217	4	1	484	1	489	4.13e-180	510
BPNJPA_04340	BGHMFE_11675	43.9	538	296	5	206	738	131	667	3.28e-155	462
BPNJPA_04350	INKIHH_03230	46.6	311	164	2	1	310	1	310	1.98e-97	286
BPNJPA_04355	LLGOHG_08460	46.5	228	120	1	4	231	4	229	1.33e-60	186
BPNJPA_04360	PIHIOG_01285	46.0	435	210	7	16	448	18	429	5.66e-126	369
BPNJPA_04360	GNBNBP_13670	36.0	442	275	6	8	448	4	438	4.87e-88	271
BPNJPA_04365	LNKMPC_14405	54.0	337	154	1	8	344	7	342	8.60e-127	372
BPNJPA_04370	EOJLEP_03115	43.1	239	134	2	1	238	1	238	4.64e-70	211
BPNJPA_04370	LNKMPC_14405	41.3	235	131	3	6	236	353	584	8.46e-48	162
BPNJPA_04375	HIHCLH_08345	44.2	718	337	18	1	673	1	699	6.07e-157	470
BPNJPA_04375	HEMAGP_10015	38.8	689	379	13	5	672	3	669	3.87e-116	363
BPNJPA_04380	EIKLNG_09905	78.1	292	64	0	1	292	63	354	6.97e-171	473
BPNJPA_04385	BMJLCO_02760	45.9	209	111	2	5	212	5	212	5.42e-59	181
BPNJPA_04395	MKHMMK_07280	80.8	365	70	0	1	365	23	387	1.34e-209	576
BPNJPA_04400	FCCLFG_02395	38.2	272	157	6	5	269	5	272	5.96e-49	166
BPNJPA_04405	CDILFK_01280	46.3	557	298	1	1	557	2	557	3.85e-169	488
BPNJPA_04415	MFKGBO_06890	40.3	318	177	2	1	318	1	305	3.98e-75	229
BPNJPA_04415	DNHLFN_07150	32.6	319	198	2	1	319	1	302	9.53e-53	172
BPNJPA_04420	JIBABB_11530	37.8	291	165	4	22	309	64	341	9.30e-64	201
BPNJPA_04420	ADMHII_10200	37.1	248	136	4	80	310	213	457	1.21e-43	151
BPNJPA_04425	NEEMKD_13085	38.3	227	135	4	95	318	1	225	7.55e-50	162
BPNJPA_04430	NEEMKD_13085	60.5	228	86	3	101	324	1	228	8.90e-95	277
BPNJPA_04440	GHIDNG_08685	62.2	1179	423	11	1	1168	1	1167	0.0	1417
BPNJPA_04480	MLIPEK_08015	46.8	188	95	3	4	190	2	185	2.00e-55	170
BPNJPA_04485	CPMPBM_00160	55.7	497	217	2	1	497	1	494	4.65e-203	569
BPNJPA_04510	CJHDOF_00045	27.5	559	280	19	69	531	71	600	6.17e-52	186
BPNJPA_04515	HNGOGK_09900	45.2	480	259	3	1	479	1	477	8.38e-144	417
BPNJPA_04520	MFPIGK_04845	50.5	325	160	1	3	327	3	326	1.13e-117	343
BPNJPA_04530	OJKFBE_14620	76.7	1010	199	1	1	974	1	1010	0.0	1561
BPNJPA_04535	IMLPOL_01605	49.7	292	144	2	6	294	2	293	1.88e-93	275
BPNJPA_04545	HFMJLE_01065	48.4	244	124	1	2	245	3	244	1.81e-78	233
BPNJPA_04550	JIDGJJ_02675	77.4	461	104	0	3	463	68	528	3.43e-279	762
BPNJPA_04560	ANJGBN_13520	42.8	570	313	9	7	572	40	600	6.38e-145	428
BPNJPA_04570	EOAKDK_06705	63.8	458	162	2	1	454	51	508	1.20e-213	595
BPNJPA_04575	DHNCOO_05400	44.5	871	479	3	4	872	4	872	1.22e-262	750
BPNJPA_04590	IFDCNO_13355	54.7	402	177	3	1	397	1	402	9.56e-132	393
BPNJPA_04590	ICGKAE_00315	32.1	732	452	15	2	717	3	705	2.02e-105	337
BPNJPA_04595	FCCLFG_10765	43.7	419	217	6	12	412	2	419	3.20e-89	274
BPNJPA_04650	HFAHKK_14275	36.7	558	314	13	3	535	69	612	1.61e-103	320
BPNJPA_04650	PJAPKP_15045	34.9	548	340	2	1	535	1	544	2.94e-99	310
BPNJPA_04670	PDFOOG_10895	49.3	460	214	4	2	458	3	446	6.65e-163	464
BPNJPA_04675	ICGKAE_00315	57.1	746	278	8	1	744	1	706	2.26e-258	733
BPNJPA_04675	IFDCNO_13355	31.0	458	265	12	1	444	1	421	1.37e-43	159
BPNJPA_04685	HKDGPL_08525	47.5	566	288	4	3	566	5	563	2.95e-177	509
BPNJPA_04690	AJOCFB_04545	45.9	737	376	10	36	766	75	794	2.28e-214	620
BPNJPA_04695	EDPPFC_09585	38.8	196	118	1	8	203	8	201	2.06e-47	151
BPNJPA_04700	HIADJD_14290	52.8	415	184	4	59	470	159	564	1.55e-140	412
BPNJPA_04705	NIIHOH_07395	80.7	414	80	0	1	414	50	463	6.00e-244	668
BPNJPA_04705	GGKJAP_04230	32.6	389	232	10	3	383	4	370	1.42e-50	174
BPNJPA_04710	JAEGOD_04615	46.2	584	306	7	8	588	6	584	1.60e-178	514
BPNJPA_04710	ODHFDB_02970	38.9	583	333	13	20	589	2	574	7.17e-120	363
BPNJPA_04725	NPACKI_02135	47.0	366	184	5	6	369	2	359	1.46e-98	296
BPNJPA_04730	CHFKLB_10885	81.6	282	52	0	1	282	7	288	3.16e-181	496
BPNJPA_04740	CKOGHO_14535	40.3	367	181	7	13	341	6	372	2.73e-70	220
BPNJPA_04745	NIIHOH_08120	75.7	230	56	0	1	230	26	255	2.01e-123	348
BPNJPA_04750	LDGBGO_03080	67.3	272	89	0	1	272	1	272	4.19e-112	322
BPNJPA_04755	KPNMII_11605	43.5	570	300	8	3	569	2	552	1.16e-154	451
BPNJPA_04765	LAPOAN_06745	84.4	339	53	0	3	341	32	370	1.35e-224	612
BPNJPA_04765	AMEFKB_00185	34.5	333	206	7	12	336	21	349	4.44e-56	182
BPNJPA_04775	ILEJOP_08300	50.0	190	78	1	8	180	46	235	1.40e-60	184
BPNJPA_04780	JAFONP_12205	34.6	573	351	8	5	567	39	597	9.58e-98	306
BPNJPA_04780	KAJCKN_09590	32.7	493	307	6	87	567	83	562	5.79e-73	240
BPNJPA_04780	MGCPIK_11245	50.9	232	112	1	337	568	42	271	1.60e-69	222
BPNJPA_04780	KMMJBO_11065	28.7	529	305	8	93	567	87	597	5.39e-60	206
BPNJPA_04780	NDBPJJ_01855	26.6	522	344	10	43	544	59	561	1.67e-47	171
BPNJPA_04785	DNBNEF_09455	62.1	443	166	1	6	446	8	450	5.84e-186	522
BPNJPA_04785	JEKOGE_06050	31.2	461	301	8	2	452	3	457	1.81e-60	201
BPNJPA_04800	BPPMOK_02305	42.3	293	161	5	5	290	4	295	1.62e-76	233
BPNJPA_04815	LLPFOP_13100	69.8	527	159	0	3	529	57	583	2.72e-282	775
BPNJPA_04820	OJBOFE_11380	54.9	501	216	4	1	492	14	513	6.17e-191	539
BPNJPA_04825	ACCPON_01955	56.1	644	241	7	15	648	4	615	4.76e-226	641
BPNJPA_04830	PKLMMB_01070	50.1	619	299	5	18	628	2	618	6.35e-218	617
BPNJPA_04830	MHMDOE_03535	45.3	612	322	7	19	628	10	610	1.89e-177	514
BPNJPA_04835	JEELJN_04115	51.2	297	144	1	5	301	7	302	4.83e-101	296
BPNJPA_04835	KGMLLG_04725	41.5	299	174	1	3	301	2	299	1.47e-82	248
BPNJPA_04840	PIHIOG_12120	55.5	310	136	2	2	309	3	312	8.86e-120	343
BPNJPA_04840	DHFKBB_08410	33.3	315	200	6	1	307	1	313	1.19e-47	159
BPNJPA_04850	OMINCF_06730	44.9	434	236	2	4	437	4	434	1.06e-119	353
BPNJPA_04850	GKLKJE_14420	30.3	436	283	6	4	429	8	432	7.07e-60	199
BPNJPA_04850	NGIBDE_08595	32.2	444	289	6	3	441	46	482	6.79e-59	197
BPNJPA_04860	LPCGND_12240	58.1	453	190	0	2	454	16	468	4.30e-191	537
BPNJPA_04865	PJGAFD_04830	43.4	339	191	1	5	342	2	340	1.52e-94	281
BPNJPA_04970	JHFIBJ_16095	42.4	587	315	8	1	571	1	580	4.54e-152	459
BPNJPA_04970	AHNHLJ_13685	41.1	567	319	7	3	568	4	556	7.11e-145	426
BPNJPA_04975	NLNKCD_09525	59.3	612	247	2	1	610	1	612	3.25e-266	740
BPNJPA_04975	PFNDEF_04205	36.3	504	281	13	113	594	345	830	5.56e-80	267
BPNJPA_04975	KKMOGI_12335	32.1	427	275	7	113	528	27	449	4.62e-61	206
BPNJPA_04975	CFELJI_12430	32.8	400	246	9	137	528	456	840	5.50e-54	194
BPNJPA_04980	AOHBGH_00885	57.3	220	91	3	8	227	11	227	1.58e-78	232
BPNJPA_05015	PHBJAG_09105	40.9	252	149	0	9	260	54	305	1.16e-61	193
BPNJPA_05020	OODMEK_16380	46.6	251	132	2	4	254	1	249	1.58e-71	216
BPNJPA_05025	JFOKOO_03005	49.0	200	96	2	1	200	1	194	4.09e-61	186
BPNJPA_05030	KIBBKD_08070	80.3	456	90	0	1	456	1	456	1.54e-272	743
BPNJPA_05035	HEEEIG_03320	61.4	360	135	2	6	361	5	364	4.50e-152	429
BPNJPA_05040	HIADJD_12750	33.4	416	269	5	5	419	8	416	1.79e-71	232
BPNJPA_05045	EIKLNG_11410	89.0	163	18	0	1	163	1	163	7.58e-101	300
BPNJPA_05050	NKLDCP_08155	45.4	434	224	4	41	463	3	434	3.61e-113	337
BPNJPA_05055	EIKLNG_11410	79.2	495	103	0	3	497	166	660	2.70e-277	764
BPNJPA_05080	EFDFGM_07515	37.1	353	206	6	1	339	1	351	7.91e-80	244
BPNJPA_05085	JCMKKN_10135	49.5	810	385	8	1	805	1	791	4.87e-268	758
BPNJPA_05090	KMMJBO_08230	72.5	338	93	0	1	338	1	338	1.37e-184	513
BPNJPA_05095	ADHKIA_11580	33.0	421	227	5	2	370	3	420	1.78e-71	226
BPNJPA_05105	FFLKCG_02860	64.7	417	140	5	1	412	1	415	5.35e-191	532
BPNJPA_05115	HIADJD_26315	42.6	270	133	3	1	256	8	269	4.75e-65	201
BPNJPA_05125	EIKLNG_06140	85.2	115	17	0	71	185	1	115	3.66e-66	197
BPNJPA_05140	BCFHOD_10075	35.6	222	141	1	23	242	22	243	1.26e-45	151
BPNJPA_05145	PAMFFB_11460	46.5	256	133	4	22	274	325	579	2.81e-72	228
BPNJPA_05150	JPDGNJ_11930	57.8	367	155	0	6	372	11	377	2.72e-139	405
BPNJPA_05160	MOBKGA_09500	57.6	250	96	2	1	249	1	241	4.79e-94	273
BPNJPA_05170	HNFKHH_07575	44.9	403	209	7	8	405	3	397	1.76e-107	318
BPNJPA_05175	NPKNPB_10680	33.1	501	259	12	6	445	5	490	5.32e-81	256
BPNJPA_05180	CNOENP_09380	45.2	336	179	2	12	346	14	345	3.19e-90	271
BPNJPA_05180	FMAOBM_00120	42.4	344	198	0	8	351	12	355	3.09e-89	268
BPNJPA_05185	PFMFKA_03510	44.1	247	132	2	2	243	4	249	9.40e-70	212
BPNJPA_05195	BLDCGJ_09585	45.6	307	164	2	4	308	1	306	4.83e-85	255
BPNJPA_05200	OPBKNC_03935	44.2	339	189	0	2	340	33	371	7.78e-101	298
BPNJPA_05205	BDKJEH_01155	52.8	254	113	1	5	251	4	257	2.65e-83	257
BPNJPA_05210	KEIMNK_01000	52.2	295	141	0	1	295	150	444	4.09e-98	292
BPNJPA_05210	NGNBGJ_13300	47.2	246	122	4	6	244	4	248	6.66e-63	198
BPNJPA_05215	NLFOCH_03850	50.5	497	230	6	15	510	3	484	1.06e-161	465
BPNJPA_05220	DNHLFN_07150	46.7	302	160	1	1	302	1	301	1.14e-94	279
BPNJPA_05225	ADMHII_10200	37.4	238	126	1	51	265	211	448	3.99e-47	159
BPNJPA_05235	AAHMDH_12575	29.1	561	363	10	3	539	7	556	2.34e-74	242
BPNJPA_05270	ANJGBN_04410	46.8	359	178	5	3	359	8	355	1.13e-97	291
BPNJPA_05285	CDPAON_02740	60.0	488	175	9	1	471	1	485	1.13e-193	545
BPNJPA_05300	OOMOLM_10315	49.8	751	356	9	6	745	84	824	7.08e-230	663
BPNJPA_05300	PJGAFD_00175	36.3	548	323	10	206	747	89	616	2.44e-100	321
BPNJPA_05300	INHOHM_11200	31.2	564	359	11	204	754	163	710	3.07e-76	258
BPNJPA_05300	ALODHP_02915	30.7	498	330	8	203	695	155	642	9.29e-65	226
BPNJPA_05300	DIIMPP_11540	32.3	464	290	9	249	689	123	585	5.19e-59	210
BPNJPA_05310	FKEMDL_11265	32.3	424	282	5	7	428	5	425	1.98e-61	201
BPNJPA_05320	FMAOBM_01890	61.0	438	160	4	2	430	5	440	7.44e-187	523
BPNJPA_05325	PFKIPP_17705	53.7	363	162	3	9	367	6	366	2.02e-133	382
BPNJPA_05330	FKJBDL_04740	64.5	691	245	0	1	691	42	732	0.0	892
BPNJPA_05330	JIBNCO_01295	39.2	699	405	9	4	685	37	732	1.46e-166	492
BPNJPA_05335	PBNOEJ_04255	44.0	459	248	4	1	451	12	469	5.15e-124	365
BPNJPA_05340	NNFGHE_00040	46.0	487	252	5	2	481	2	484	1.16e-138	405
BPNJPA_05345	NKDPLI_00055	46.3	527	267	3	8	518	14	540	1.32e-167	484
BPNJPA_05365	BEEJFJ_08775	44.4	248	134	3	16	260	19	265	5.08e-60	187
BPNJPA_05370	KMFKPJ_12195	40.0	270	137	5	16	276	12	265	1.94e-43	152
BPNJPA_05375	OJBOFE_06605	48.5	827	400	10	2	810	71	889	5.65e-285	805
BPNJPA_05470	MGCPIK_11245	49.1	232	116	2	13	244	45	274	1.93e-71	217
BPNJPA_05470	JAFONP_12205	42.1	247	142	1	4	250	362	607	8.63e-58	190
BPNJPA_05470	OEDLLD_08805	37.9	261	150	4	2	252	470	728	1.71e-51	174
BPNJPA_05470	KAJCKN_09590	34.8	253	159	3	2	249	320	571	5.75e-44	152
BPNJPA_05480	HGOKLA_01315	86.7	693	38	1	1	639	1	693	0.0	1182
BPNJPA_05480	PPPHGA_13940	28.7	649	404	12	6	612	15	646	5.66e-65	227
BPNJPA_05480	JIBNCO_01295	24.5	685	433	15	5	612	44	721	4.21e-55	196
BPNJPA_05480	FKJBDL_04740	24.6	679	434	13	2	613	49	716	1.21e-46	172
BPNJPA_05575	KKMOGI_08390	46.6	253	132	3	1	252	1	251	8.64e-80	237
BPNJPA_05595	LMAAGL_07260	40.7	209	122	2	4	212	3	209	1.24e-47	156
BPNJPA_05635	IMJCGK_11625	55.9	515	225	2	1	514	1	514	9.45e-212	593
BPNJPA_05635	OBHJLJ_05995	33.8	526	319	10	3	507	4	521	1.00e-80	261
BPNJPA_05635	LJALIN_17780	30.7	518	332	6	3	507	50	553	6.77e-71	233
BPNJPA_05635	EHHHNJ_03925	28.7	513	315	9	3	508	3	471	1.48e-53	187
BPNJPA_05655	JHLGGO_06350	40.5	242	141	3	6	245	35	275	2.81e-47	163
BPNJPA_05700	KDLBIP_21060	55.2	134	32	2	1	134	1	106	2.52e-49	150
BPNJPA_05715	MDAJGJ_00800	50.9	631	287	10	1	620	1	619	4.96e-211	607
BPNJPA_05720	OJKFBE_02425	69.9	379	114	0	33	411	130	508	4.75e-187	525
BPNJPA_05725	AEPIDE_09480	43.6	287	153	3	1	279	1	286	5.93e-75	227
BPNJPA_05735	DBGIOG_14085	55.9	145	62	1	1	145	30	172	6.35e-51	156
BPNJPA_05740	KIFOBE_02715	48.5	309	155	2	2	310	3	307	8.45e-94	277
BPNJPA_05740	HIJMHI_06655	37.6	314	169	9	2	306	97	392	2.49e-53	176
BPNJPA_05750	BPPMOK_10790	48.6	613	297	5	19	614	43	654	2.37e-191	552
BPNJPA_05750	HJGNEK_09000	34.2	570	336	10	22	586	18	553	3.05e-101	320
BPNJPA_05755	HJGNEK_09000	64.4	571	201	1	2	570	12	582	3.18e-270	749
BPNJPA_05755	BPPMOK_10790	33.7	621	344	14	6	568	44	654	6.87e-94	297
BPNJPA_05760	LKEOCB_02010	45.0	307	158	5	10	313	8	306	8.75e-78	236
BPNJPA_05765	PBJMKO_02295	44.7	452	243	4	2	452	3	448	5.61e-126	369
BPNJPA_05765	GGKJAP_00545	35.4	457	279	9	4	452	13	461	2.43e-82	266
BPNJPA_05770	OJKFBE_02425	47.0	372	173	7	6	358	135	501	3.90e-95	289
BPNJPA_05780	AEGBGH_03235	47.7	323	165	3	5	326	17	336	1.45e-92	281
BPNJPA_05795	ENFPCC_02210	84.1	536	85	0	1	536	10	545	0.0	946
BPNJPA_05810	GLPAEG_01685	39.8	244	128	1	26	250	5	248	8.10e-51	163
BPNJPA_05815	APDHGK_13705	38.9	216	130	2	2	217	1	214	5.43e-50	159
BPNJPA_05815	CIIHGC_07795	38.5	205	126	0	4	208	207	411	8.78e-48	159
BPNJPA_05835	ODHFDB_00935	47.6	1212	509	13	2	1098	32	1232	0.0	1012
BPNJPA_05835	JKEOBL_06960	38.1	1164	614	19	2	1089	16	1148	4.35e-239	709
BPNJPA_05835	DHOMEH_12720	32.0	444	224	7	557	930	247	682	3.30e-58	211
BPNJPA_05855	DAMBBL_14265	52.5	299	141	1	14	312	17	314	7.06e-110	318
BPNJPA_05895	PFNDEF_12515	53.4	249	115	1	1	248	1	249	3.74e-87	255
BPNJPA_05900	BIKKBB_00065	58.4	296	123	0	1	296	1	296	5.94e-117	336
BPNJPA_05910	BKMNND_07850	48.7	232	81	2	1	195	371	601	1.79e-59	193
BPNJPA_05915	HHJGNO_01565	90.5	201	19	0	1	201	1	201	1.83e-130	365
BPNJPA_05920	JMCFPI_01740	63.0	454	164	2	13	465	7	457	2.95e-208	580
BPNJPA_05920	MGNIFA_13410	28.3	427	284	10	5	426	13	422	7.51e-48	168
BPNJPA_05925	LNKMPC_14825	64.8	199	70	0	82	280	1	199	3.90e-92	275
BPNJPA_05945	MBIIBD_01400	87.2	485	61	1	1	484	29	513	0.0	877
BPNJPA_05945	PBNOEJ_11460	33.1	526	299	15	6	483	37	557	1.48e-69	228
BPNJPA_05950	NIHDHO_00130	44.3	569	316	1	39	606	2	570	2.41e-159	465
BPNJPA_05950	INKIHH_10100	32.4	636	386	17	3	606	7	630	9.19e-79	260
BPNJPA_05965	KNCOJD_04640	33.9	646	294	14	12	533	83	719	1.30e-109	341
BPNJPA_05970	NPCMJE_01930	53.0	183	80	3	2	178	11	193	1.33e-55	171
BPNJPA_05990	LJALIN_17780	84.2	538	84	1	1	538	50	586	0.0	911
BPNJPA_05990	OBHJLJ_05995	30.9	551	356	9	1	532	4	548	8.68e-85	273
BPNJPA_05990	IMJCGK_11625	29.0	514	346	7	1	504	3	507	1.17e-70	231
BPNJPA_05990	EHHHNJ_03925	27.7	538	327	10	1	525	3	491	4.22e-60	205
BPNJPA_05995	BLDCGJ_07655	43.2	285	153	5	2	283	3	281	5.19e-71	217
BPNJPA_06000	NIIHOH_06385	77.3	696	158	0	1	696	45	740	0.0	1080
BPNJPA_06000	LKEOCB_02700	37.2	650	393	7	11	656	9	647	6.84e-142	427
BPNJPA_06005	NMDBHH_21210	67.0	696	201	2	1	667	1	696	0.0	902
BPNJPA_06005	NKCJOK_06160	33.3	639	375	16	1	626	19	619	6.22e-108	340
BPNJPA_06010	AEPIDE_14725	56.6	221	96	0	1	221	3	223	2.05e-84	248
BPNJPA_06020	GFHGKH_01950	53.7	229	105	1	1	229	1	228	8.05e-80	236
BPNJPA_06055	IDAAGF_01625	74.7	466	118	0	1	466	276	741	3.64e-268	743
BPNJPA_06060	OIDBIB_12205	52.9	297	139	1	17	313	14	309	2.40e-104	306
BPNJPA_06070	JLFFKH_01745	57.3	511	218	0	7	517	49	559	2.77e-184	525
BPNJPA_06085	ABGNMO_02010	38.9	437	255	2	4	428	7	443	1.23e-93	288
BPNJPA_06095	MKENAJ_04070	55.5	393	172	3	1	391	1	392	8.68e-154	436
BPNJPA_06100	LKLDMN_17670	66.4	137	44	2	1	137	14	148	4.94e-62	184
BPNJPA_06105	JCMKKN_12205	45.6	355	183	3	3	356	4	349	1.31e-111	325
BPNJPA_06110	KOJDON_08905	43.5	271	151	1	1	271	1	269	1.13e-76	230
BPNJPA_06115	ENCFBG_07925	60.5	339	126	6	1	336	1	334	5.58e-132	376
BPNJPA_06120	PKLMMB_11890	59.5	390	150	5	5	392	3	386	4.95e-157	444
BPNJPA_06125	HOBHPC_14180	56.5	237	102	1	1	236	32	268	2.37e-89	261
BPNJPA_06130	IFHDGK_16005	23.0	700	459	18	31	705	56	700	4.26e-39	152
BPNJPA_06140	KOGAEP_18980	28.1	758	478	12	36	737	14	760	4.30e-81	278
BPNJPA_06140	IFHDGK_16005	24.3	712	446	19	48	734	57	700	4.78e-47	177
BPNJPA_06155	EEMLEJ_12835	60.5	512	197	2	2	512	90	597	1.12e-221	621
BPNJPA_06160	PHLAAH_09015	53.9	167	76	1	1	167	1	166	1.59e-48	151
BPNJPA_06165	DEAMOH_15020	46.6	219	111	1	5	217	2	220	5.77e-66	199
BPNJPA_06165	EGEPOE_04770	42.9	219	123	1	1	219	1	217	2.49e-54	176
BPNJPA_06200	GIBOLB_11285	52.7	566	249	3	8	573	4	550	2.18e-201	570
BPNJPA_06200	LJGBCE_12900	40.3	561	294	9	23	573	53	582	1.93e-123	372
BPNJPA_06215	FNLNFA_03580	45.8	284	151	2	3	286	2	282	1.47e-88	262
BPNJPA_06230	NPACKI_09380	37.0	359	205	4	59	399	54	409	1.20e-71	231
BPNJPA_06260	NIJAON_03930	34.6	286	178	3	1	277	1	286	1.07e-55	178
BPNJPA_06310	EMGIMK_04390	44.1	356	180	6	1	341	1	352	3.01e-102	312
BPNJPA_06315	IDBFDI_13260	50.6	494	241	2	22	514	404	895	1.38e-156	465
BPNJPA_06320	JOFPOO_08530	46.5	228	120	1	3	230	4	229	6.95e-72	215
BPNJPA_06355	APHOBL_06710	70.9	588	159	3	1	576	1	588	7.37e-302	827
BPNJPA_06360	DIIMPP_11540	58.2	684	274	6	1	674	10	691	4.15e-252	709
BPNJPA_06360	OOMOLM_10315	30.1	501	325	10	73	568	288	768	2.64e-50	184
BPNJPA_06360	INHOHM_11200	28.8	465	304	8	111	566	204	650	6.77e-41	155
BPNJPA_06370	IDBFDI_13260	46.2	660	335	7	6	661	5	648	2.18e-175	519
BPNJPA_06375	EHHHNJ_03925	49.2	597	289	4	3	593	3	591	5.19e-194	554
BPNJPA_06375	OBHJLJ_05995	32.2	546	305	9	3	488	4	544	3.40e-79	259
BPNJPA_06375	LJALIN_17780	29.1	530	321	14	3	484	50	572	2.37e-58	202
BPNJPA_06375	IMJCGK_11625	28.2	518	309	10	1	465	1	508	4.96e-57	196
BPNJPA_06380	EDBAJH_12145	65.6	305	105	0	1	305	1	305	4.44e-150	432
BPNJPA_06385	FNBBHI_10615	73.7	338	89	0	1	338	37	374	5.63e-190	525
BPNJPA_06405	OHKOAG_01070	51.6	159	76	1	1	158	1	159	1.60e-54	166
BPNJPA_06410	FOLEJH_19415	66.8	328	106	2	3	330	2	326	1.27e-158	443
BPNJPA_06415	JEKOGE_06050	37.4	444	267	6	1	437	1	440	3.94e-96	293
BPNJPA_06415	DNBNEF_09455	29.2	435	295	7	1	428	1	429	1.78e-51	176
BPNJPA_06415	ADOCAH_04505	44.5	209	114	2	23	230	1	208	4.68e-49	164
BPNJPA_06420	AKJKEO_08215	61.4	733	262	7	1	731	58	771	2.23e-312	867
BPNJPA_06420	BBKFDB_00315	36.8	524	280	12	9	530	5	479	1.75e-89	285
BPNJPA_06430	FBMMIE_06560	53.8	212	97	1	1	212	1	211	4.54e-80	234
BPNJPA_06440	IBDNDD_02480	44.9	321	159	6	7	317	86	398	1.74e-77	239
BPNJPA_06445	KEIMNK_06850	55.6	270	117	2	122	388	184	453	1.83e-100	302
BPNJPA_06450	IDJOEI_11860	46.1	736	277	14	7	633	15	739	7.58e-201	578
BPNJPA_06450	NLLOJM_03475	31.9	655	419	9	1	632	1	651	5.97e-101	318
BPNJPA_06455	CIIHGC_05655	57.5	869	239	3	6	744	4	872	0.0	939
BPNJPA_06455	GJDIKO_00030	39.6	710	392	9	2	697	3	689	6.57e-159	477
BPNJPA_06455	EHJFJN_05890	30.7	696	427	21	8	689	1	655	3.48e-82	273
BPNJPA_06465	BKEOOB_09970	60.5	349	138	0	4	352	5	353	3.01e-141	407
BPNJPA_06480	CIIHGC_05040	78.5	591	125	1	266	854	260	850	5.39e-318	889
BPNJPA_06490	GANHPB_03080	50.3	306	150	1	15	318	14	319	1.54e-102	300
BPNJPA_06495	NNFGHE_08485	41.6	296	168	5	3	295	10	303	2.68e-61	194
BPNJPA_06550	ODKGDC_12345	52.8	691	322	4	2	691	43	730	1.81e-242	687
BPNJPA_06570	IHMAMP_18595	37.3	292	175	7	1	284	2	293	4.31e-56	179
BPNJPA_06575	BGHMFE_04500	33.8	674	401	13	4	648	5	662	3.75e-106	332
BPNJPA_06600	PBAKMA_17920	48.1	212	98	3	385	595	1	201	1.69e-55	184
BPNJPA_06610	OKHOCL_06405	56.4	422	178	5	6	426	3	419	1.48e-148	425
BPNJPA_06615	JOFPOO_08530	35.9	223	143	0	2	224	6	228	3.47e-49	157
BPNJPA_06625	LMAAGL_07260	39.8	231	134	2	4	234	3	228	1.77e-54	174
BPNJPA_06635	HPIFBD_01690	35.8	313	193	4	1	308	1	310	1.45e-57	184
BPNJPA_06645	KAIHOP_11310	46.7	291	144	1	32	311	26	316	1.78e-92	274
BPNJPA_06685	HFPDKM_12815	66.2	530	178	1	1	530	34	562	2.37e-256	708
BPNJPA_06685	JIBNCO_01295	28.7	488	303	12	8	462	39	514	2.88e-47	171
BPNJPA_06700	GIBOLB_01575	47.5	385	197	3	7	388	9	391	7.26e-107	317
BPNJPA_06710	PPPHGA_20880	50.0	344	123	5	2	296	5	348	1.80e-95	282
BPNJPA_06715	NGMOPK_00295	63.9	613	220	1	1	612	1	613	1.58e-289	800
BPNJPA_06720	INKIHH_10055	46.0	239	125	2	4	242	6	240	1.66e-60	189
BPNJPA_06725	FKEMDL_14575	46.3	285	144	4	1	276	11	295	7.89e-81	242
BPNJPA_06735	FHGONL_08010	44.8	554	304	1	1	554	1	552	1.13e-155	453
BPNJPA_06740	JPEPBC_05735	37.2	323	197	6	32	349	129	450	6.84e-61	198
BPNJPA_06745	EOGDPL_25690	46.3	270	129	3	2	261	3	266	2.88e-87	257
BPNJPA_06750	GNANIN_05260	52.8	485	217	4	1	481	1	477	1.76e-183	518
BPNJPA_06755	FOMOBF_10025	50.5	277	130	3	14	286	14	287	4.51e-98	286
BPNJPA_06765	MGCPIK_00310	44.8	826	405	8	9	796	22	834	5.91e-233	671
BPNJPA_06770	NGIGMC_08570	56.9	492	206	4	2	491	17	504	1.31e-172	493
BPNJPA_06770	INGAKC_09930	40.5	491	259	7	4	489	1	463	8.25e-86	269
BPNJPA_06775	GLAJCN_12950	84.6	870	134	0	1	870	1	870	0.0	1480
BPNJPA_06785	BKOPBA_06250	91.0	444	40	0	2	445	21	464	5.82e-299	808
BPNJPA_06805	PPCHMH_10210	42.5	219	126	0	1	219	3	221	3.09e-57	177
BPNJPA_06810	PBAKMA_17510	55.4	287	127	1	1	287	1	286	1.00e-99	290
BPNJPA_06815	KOGAEP_18980	41.4	941	462	14	1	863	5	934	8.63e-205	604
BPNJPA_06815	IFHDGK_16005	26.8	709	465	17	23	724	58	719	7.52e-62	221
BPNJPA_06820	IBDNDD_04560	48.3	242	118	4	2	236	3	244	4.53e-71	214
BPNJPA_06830	IFHDGK_16005	62.0	808	286	3	33	819	49	856	9.25e-319	890
BPNJPA_06850	EEGFHJ_09505	36.4	269	152	6	3	267	2	255	8.61e-50	161
BPNJPA_06850	IOPDAF_02560	33.8	290	165	10	1	276	1	277	3.98e-45	150
BPNJPA_06860	EDPPFC_05720	47.8	249	119	2	3	250	6	244	2.66e-74	223
BPNJPA_06940	MKENAJ_04070	34.8	402	227	11	2	397	5	377	2.07e-69	220
BPNJPA_07035	IDBFDI_17545	42.1	297	166	5	321	615	8	300	6.68e-68	221
BPNJPA_07045	EAGKMD_04415	44.8	393	213	3	4	393	9	400	1.07e-112	333
BPNJPA_07050	FCAKMF_05370	55.2	145	62	2	4	148	2	143	1.23e-55	168
BPNJPA_07075	DIFDMH_04115	48.0	433	224	1	1	432	1	433	1.44e-141	409
BPNJPA_07075	NGIBDE_08595	34.2	421	277	0	8	428	48	468	1.30e-80	254
BPNJPA_07075	ADMHII_00410	54.0	200	92	0	8	207	11	210	7.77e-65	204
BPNJPA_07075	OMINCF_06730	32.9	441	281	7	8	441	5	437	9.03e-65	211
BPNJPA_07075	GKLKJE_14420	34.0	385	251	1	8	389	9	393	3.36e-62	205
BPNJPA_07080	MKABCP_10815	47.4	352	175	4	46	395	38	381	7.08e-94	283
BPNJPA_07090	PMOLLI_08705	40.6	254	132	5	1	244	48	292	1.89e-45	150
BPNJPA_07100	HMNLEO_03150	51.9	395	163	1	54	421	66	460	6.65e-139	402
BPNJPA_07100	MKABCP_10815	31.4	357	216	9	51	400	35	369	4.32e-44	154
BPNJPA_07105	CPMPBM_09225	52.1	557	254	10	3	553	2	551	6.38e-193	552
BPNJPA_07110	AKJKEO_12255	73.9	482	119	2	4	478	3	484	1.89e-253	696
BPNJPA_07125	HJMBIE_06565	67.5	452	74	2	4	382	3	454	1.24e-188	526
BPNJPA_07130	FLAJJJ_08755	85.8	204	29	0	1	204	1	204	1.54e-126	363
BPNJPA_07130	AADGFO_06055	36.0	469	267	10	6	449	546	1006	4.39e-84	277
BPNJPA_07135	PHLAAH_09875	45.3	589	320	2	7	595	5	591	8.27e-184	528
BPNJPA_07140	FCHNIC_07725	39.6	283	168	3	5	287	2	281	3.99e-72	221
BPNJPA_07145	PEAHOH_01300	46.4	403	214	1	3	405	4	404	9.87e-119	348
BPNJPA_07145	AIGKOF_07555	34.8	408	258	6	3	408	9	410	8.49e-64	208
BPNJPA_07150	MFPDBE_04255	44.5	209	107	2	5	210	3	205	2.67e-51	162
BPNJPA_07155	GHIDNG_08150	42.2	275	151	3	6	276	7	277	1.28e-68	222
BPNJPA_07160	GHIDNG_08150	40.3	352	205	3	5	351	294	645	6.45e-87	273
BPNJPA_07165	GNFLKF_08300	40.3	382	223	3	26	404	46	425	9.06e-92	281
BPNJPA_07170	IJMKAA_11630	44.2	328	152	6	8	305	12	338	1.07e-76	234
BPNJPA_07175	LPPKAH_06170	45.6	195	104	1	2	194	6	200	3.30e-47	150
BPNJPA_07180	PNJNHA_01195	46.3	205	90	4	1	200	3	192	2.99e-51	161
BPNJPA_07185	ANAEHF_05030	55.1	178	78	2	14	190	13	189	4.71e-57	174
BPNJPA_07265	HFMJLE_01865	46.5	327	159	4	8	318	11	337	1.26e-101	299
BPNJPA_07290	KCGDMB_05840	61.3	326	124	1	6	329	4	329	7.94e-139	395
BPNJPA_07300	HFAHKK_07810	36.2	1003	358	16	6	794	2	936	7.78e-185	550
BPNJPA_07300	MPNMPI_01965	43.8	322	172	4	9	323	5	324	3.69e-80	257
BPNJPA_07305	GLCPEN_08265	40.1	347	200	3	86	424	55	401	9.17e-68	219
BPNJPA_07310	IINDLL_04140	49.4	462	225	7	2	460	20	475	2.42e-145	420
BPNJPA_07335	LDGBGO_12545	46.7	182	96	1	1	182	1	181	3.03e-54	168
BPNJPA_07340	JNBMOB_16835	72.5	120	32	1	1	120	6	124	6.97e-55	164
BPNJPA_07345	NPACKI_04800	59.3	589	197	6	3	550	2	588	2.90e-227	636
BPNJPA_07350	DHOMEH_12720	37.9	734	388	8	7	679	7	733	5.78e-162	480
BPNJPA_07350	ODHFDB_00935	33.3	402	249	7	234	628	644	1033	3.19e-60	215
BPNJPA_07350	JKEOBL_06960	34.1	440	268	8	231	664	599	1022	2.28e-59	213
BPNJPA_07365	IMDKHO_02900	46.7	152	81	0	2	153	1	152	5.06e-51	157
BPNJPA_07385	EEBCBO_05060	41.5	455	251	7	4	457	3	443	4.06e-108	324
BPNJPA_07390	PCHHPE_13495	54.1	242	97	2	3	230	58	299	3.49e-83	247
BPNJPA_07395	GKEJOP_02715	44.0	216	119	2	1	215	1	215	1.95e-56	175
BPNJPA_07400	CPMPBM_03600	61.6	594	224	3	4	597	2	591	7.16e-277	767
BPNJPA_07405	CFMBFO_10860	49.8	249	120	3	1	247	1	246	2.06e-72	219
BPNJPA_07415	EAGKMD_14100	50.7	357	139	3	1	320	1	357	8.59e-109	318
BPNJPA_07415	LJOEIG_06330	34.9	315	190	6	1	306	1	309	1.49e-59	190
BPNJPA_07415	MDHDGC_08370	36.6	320	194	4	3	314	2	320	5.18e-59	189
BPNJPA_07420	DIIMPP_05975	48.8	166	82	1	1	166	1	163	3.43e-55	169
BPNJPA_07425	ENNDNJ_12480	53.5	327	151	1	5	331	8	333	2.80e-118	352
BPNJPA_07430	ENNDNJ_12480	80.5	210	41	0	2	211	341	550	1.77e-116	339
BPNJPA_07430	BKEOOB_07480	65.9	208	69	2	1	208	1	206	6.48e-92	265
BPNJPA_07435	OKHBPB_07570	67.2	412	135	0	18	429	59	470	1.01e-197	552
BPNJPA_07440	LOBHJJ_04520	51.5	194	93	1	4	196	2	195	2.73e-68	203
BPNJPA_07460	HJGNEK_19380	33.2	271	181	0	7	277	39	309	1.51e-52	170
BPNJPA_07480	KHMKPO_15115	46.9	177	94	0	5	181	6	182	8.59e-61	184
BPNJPA_07485	CFELJI_13365	48.8	584	293	5	68	649	9	588	1.78e-189	544
BPNJPA_07510	BGHMFE_04500	40.1	362	195	7	14	357	89	446	2.11e-68	223
BPNJPA_07525	IDAAGF_01625	66.3	270	91	0	2	271	284	553	3.27e-131	388
BPNJPA_07535	HAFNKM_08490	56.3	384	165	2	1	381	1	384	5.58e-153	433
BPNJPA_07535	LEJEEC_08915	35.8	371	202	9	26	377	21	374	6.63e-62	200
BPNJPA_07535	MAHJHN_05475	33.6	402	229	7	9	377	461	857	2.05e-53	186
BPNJPA_07535	OLKGPM_09705	31.0	374	239	7	18	381	34	398	1.15e-46	166
BPNJPA_07540	CDPAON_02740	42.1	456	234	7	1	442	1	440	2.85e-109	330
BPNJPA_07545	MFGBFB_07135	50.5	206	82	2	1	188	1	204	1.16e-69	207
BPNJPA_07555	PPPHGA_24900	51.7	180	87	0	1	180	22	201	5.84e-65	194
BPNJPA_07900	HGOKLA_19985	34.5	426	226	3	1	373	1	426	1.14e-75	238
BPNJPA_07920	NGIBDE_08595	51.4	442	215	0	24	465	44	485	5.91e-153	441
BPNJPA_07920	OMINCF_06730	30.2	443	282	6	27	456	4	432	1.51e-55	187
BPNJPA_07920	AIAJBN_07055	28.0	396	285	0	26	421	6	401	2.13e-48	169
BPNJPA_07920	GKLKJE_14420	26.0	457	315	6	27	471	8	453	1.29e-45	161
BPNJPA_07920	ADMHII_00410	39.1	207	125	1	18	224	2	207	1.20e-44	152
BPNJPA_07940	PFNDEF_09710	49.3	611	298	5	1	611	1	599	3.06e-221	625
BPNJPA_07960	BEIPKJ_08610	60.0	440	172	1	3	438	4	443	3.63e-181	509
BPNJPA_07965	LKBNNH_02180	56.9	137	59	0	1	137	1	137	5.13e-53	161
BPNJPA_07980	CFMCFG_03040	79.3	92	19	0	1	92	1	92	1.93e-50	150
BPNJPA_07985	JFOKOO_06090	42.1	430	233	5	1	425	1	419	1.56e-106	318
BPNJPA_08000	MNNBJI_09460	49.7	183	92	0	5	187	6	188	5.72e-59	180
BPNJPA_08015	KMMJBO_11065	34.3	609	366	2	1	575	1	609	2.01e-104	324
BPNJPA_08015	KAJCKN_09590	34.3	562	363	3	11	570	12	569	3.24e-97	304
BPNJPA_08015	JAFONP_12205	29.2	568	391	6	7	570	44	604	4.33e-63	214
BPNJPA_08015	OEDLLD_08805	30.0	533	359	4	40	570	203	723	4.97e-60	208
BPNJPA_08015	MGCPIK_11245	37.3	228	141	1	336	563	45	270	7.55e-46	159
BPNJPA_08020	OEDLLD_08805	45.3	536	292	1	56	590	189	724	7.19e-154	456
BPNJPA_08020	JAFONP_12205	35.2	591	354	7	9	590	35	605	1.30e-107	333
BPNJPA_08020	KAJCKN_09590	30.6	483	330	2	110	589	89	569	7.83e-73	240
BPNJPA_08020	KMMJBO_11065	27.4	581	361	10	59	590	37	605	1.36e-61	211
BPNJPA_08020	MGCPIK_11245	38.8	276	166	2	311	586	2	274	1.19e-60	199
BPNJPA_08020	NDBPJJ_01855	27.8	467	311	10	111	559	103	561	4.78e-44	161
BPNJPA_08035	OIDBIB_20210	59.3	351	136	3	11	357	7	354	3.02e-137	391
BPNJPA_08050	PJAPKP_01185	49.2	242	122	1	1	242	1	241	5.19e-86	253
BPNJPA_08055	LDGBGO_12545	46.9	196	97	2	4	198	3	192	4.76e-62	188
BPNJPA_08060	PODFGD_00675	61.9	226	77	3	17	233	16	241	5.03e-93	272
BPNJPA_08075	OMINCF_04520	49.8	291	143	3	17	304	15	305	3.58e-89	265
BPNJPA_08075	BKMNND_09895	37.5	280	147	8	30	294	23	289	1.57e-46	155
BPNJPA_08095	FPHNOE_02620	61.0	231	87	2	1	228	1	231	3.74e-91	264
BPNJPA_08120	OPOMOC_02725	48.1	376	184	5	10	375	3	377	1.66e-116	340
BPNJPA_08130	NEHECH_00655	53.0	247	114	2	1	246	1	246	2.08e-84	249
BPNJPA_08140	AAEBNE_10495	57.3	977	391	5	1	951	4	980	0.0	1130
BPNJPA_08150	HDKNDC_06820	47.3	292	150	3	1	289	1	291	2.29e-83	249
BPNJPA_08155	GNANIN_05050	34.2	322	203	5	1	315	1	320	3.89e-51	169
BPNJPA_08160	NGNBGJ_09385	51.4	212	100	1	15	226	17	225	4.26e-77	228
BPNJPA_08165	GCDEGP_05015	50.5	545	231	8	20	526	34	577	3.18e-173	504
BPNJPA_08170	AIGKOF_07555	51.2	404	196	1	2	404	8	411	1.06e-137	399
BPNJPA_08170	PEAHOH_01300	29.3	406	278	5	4	403	5	407	1.33e-56	187
BPNJPA_08175	BPPMOK_08570	71.3	188	54	0	2	189	3	190	6.89e-91	270
BPNJPA_08180	LEKCMK_00765	43.0	293	159	4	1	293	1	285	1.43e-70	218
BPNJPA_08185	JFBMBM_14950	48.5	794	278	7	1	664	1	793	8.59e-242	686
BPNJPA_08190	ANBPFB_10370	53.5	803	363	5	4	804	3	797	1.76e-291	827
BPNJPA_08200	BGMBNC_08915	48.4	428	220	1	36	463	8	434	1.20e-136	399
BPNJPA_08200	ODHFDB_02170	33.1	393	223	8	51	412	3	386	2.67e-59	200
BPNJPA_08205	IADIMG_09525	45.9	244	132	0	11	254	8	251	3.66e-80	238
BPNJPA_08205	GMPGOM_08675	33.9	251	160	2	6	250	2	252	9.91e-52	166
BPNJPA_08240	HJGNEK_11040	41.8	548	317	2	12	557	6	553	3.32e-122	368
BPNJPA_08250	ENPFGE_04385	48.5	309	155	4	13	318	12	319	8.12e-89	266
BPNJPA_08265	CFELJI_00540	41.8	483	271	4	5	482	4	481	1.39e-115	345
BPNJPA_08270	PEFDJK_00040	46.9	589	299	8	6	588	19	599	2.94e-170	496
BPNJPA_08285	CNNHAB_12390	43.5	462	233	4	3	464	2	435	1.46e-102	310
BPNJPA_08315	ILCLPH_09145	46.8	205	107	2	1	205	15	217	7.86e-57	176
BPNJPA_08345	NICIMJ_15570	47.3	226	119	0	1	226	1	226	3.33e-64	196
BPNJPA_08350	PPCHMH_03275	34.3	429	264	4	15	433	36	456	1.44e-75	240
BPNJPA_08350	JEKOGE_06050	29.6	443	304	4	3	438	4	445	1.92e-57	192
BPNJPA_08350	HGCDGK_00635	25.9	425	315	0	16	440	39	463	6.18e-43	153
BPNJPA_08375	JHLGGO_16935	27.2	1011	588	25	47	1002	48	965	2.07e-112	368
BPNJPA_08380	CIPOHD_15050	55.9	188	78	2	1	183	40	227	1.01e-71	213
BPNJPA_08400	GKLKJE_13615	76.2	336	74	1	1	330	1	336	1.08e-182	504
BPNJPA_08405	FBNFHD_02190	84.3	230	36	0	1	230	47	276	5.94e-142	394
BPNJPA_08415	KKGKIC_00675	65.6	183	57	4	1	179	1	181	1.56e-72	213
BPNJPA_08420	NJKLPJ_06960	72.3	440	121	1	1	439	42	481	8.65e-231	637
BPNJPA_08420	BGMBNC_08915	31.9	439	281	8	9	440	32	459	3.92e-67	218
BPNJPA_08420	ODHFDB_02170	32.6	414	243	8	3	385	5	413	7.91e-53	181
BPNJPA_08430	ODHFDB_03390	51.5	202	95	2	1	200	1	201	3.12e-64	194
BPNJPA_08435	GLACJI_08370	49.0	294	148	1	1	292	1	294	4.91e-84	251
BPNJPA_08440	JPFHKD_11655	54.8	611	243	7	1	579	7	616	1.58e-216	611
BPNJPA_08450	IMLPOL_12395	39.1	258	150	4	174	430	145	396	9.46e-56	186
BPNJPA_08455	EEOPDA_00685	46.9	377	199	1	1	376	1	377	6.58e-111	325
BPNJPA_08480	EBLBNC_05495	73.8	301	79	0	1	301	30	330	7.84e-161	450
BPNJPA_08490	PBAKMA_15545	57.9	302	125	2	6	306	6	306	2.31e-121	347
BPNJPA_08495	JKFCNN_08040	47.1	344	172	3	3	342	29	366	3.18e-106	312
BPNJPA_08505	NKBHGG_10755	44.6	193	100	3	2	194	1	186	1.17e-53	168
BPNJPA_08515	MLIPEK_11975	47.3	488	255	2	4	490	3	489	5.34e-165	472
BPNJPA_08520	DIIMPP_15145	55.1	332	147	1	4	335	19	348	1.15e-121	351
BPNJPA_08530	DKAAEG_09340	55.4	448	200	0	2	449	12	459	6.50e-181	509
BPNJPA_08535	LKEOCB_03770	45.0	429	235	1	8	436	5	432	5.08e-135	392
BPNJPA_08540	CMLBML_12860	45.9	370	185	1	16	385	9	363	2.39e-117	342
BPNJPA_08550	FKNOEG_18110	72.4	123	34	0	1	123	1	123	3.38e-61	180
BPNJPA_08595	LKEOCB_12235	44.8	310	171	0	5	314	7	316	3.03e-88	267
BPNJPA_08600	GFNANP_05010	61.2	304	118	0	2	305	235	538	7.71e-124	362
BPNJPA_08605	MJOLHA_01865	46.0	1205	610	8	1	1184	1	1185	8.62e-257	757
BPNJPA_08610	OKHOCL_01060	44.7	219	112	3	12	227	11	223	1.19e-54	171
BPNJPA_08620	DKAAEG_11885	43.1	332	183	3	6	332	2	332	1.24e-85	259
BPNJPA_08635	MFPDBE_04580	56.9	399	167	4	1	398	1	395	7.65e-163	459
BPNJPA_08640	CAHMJP_02730	43.3	337	167	6	9	327	10	340	2.95e-77	236
BPNJPA_08645	PPDBCL_07570	40.4	450	257	4	3	447	7	450	8.55e-109	325
BPNJPA_08650	GLCPEN_06100	33.6	411	235	7	1	409	1	375	4.13e-67	215
BPNJPA_08675	IIPEEC_04410	45.1	346	151	4	1	309	1	344	7.27e-98	289
BPNJPA_08700	DNLHEL_07485	43.1	276	153	2	16	288	16	290	1.31e-79	245
BPNJPA_08710	JPGONO_00560	54.5	220	100	0	1	220	43	262	7.72e-79	234
BPNJPA_08765	PBAKMA_17920	72.5	153	42	0	1	153	1	153	1.92e-77	226
BPNJPA_08785	GEHMID_04080	48.4	225	110	3	4	223	3	226	8.36e-68	204
BPNJPA_08790	FNLNFA_03580	51.6	281	130	3	3	279	2	280	5.39e-95	278
BPNJPA_08795	GKMFOG_13490	83.9	454	73	0	1	454	25	478	2.30e-274	747
BPNJPA_08805	AOOCMJ_18300	40.1	232	131	3	2	232	3	227	2.63e-57	180
BPNJPA_08810	HOPKHH_07065	49.2	193	98	0	1	193	1	193	1.20e-58	179
BPNJPA_08815	CFMBFO_09915	54.5	995	317	4	3	871	2	986	0.0	996
BPNJPA_08825	JIBABB_11780	43.0	242	138	0	2	243	4	245	2.15e-57	179
BPNJPA_08850	FKEMDL_11265	36.9	423	261	3	26	447	9	426	1.91e-87	270
BPNJPA_08855	BGHMFE_04500	31.3	683	399	22	2	639	5	662	1.16e-74	248
BPNJPA_08890	MGCPIK_11245	49.8	239	119	1	335	573	45	282	7.52e-72	228
BPNJPA_08890	OEDLLD_08805	30.6	530	355	8	53	571	199	726	3.50e-71	239
BPNJPA_08890	JAFONP_12205	30.6	493	310	8	94	568	126	604	1.10e-66	224
BPNJPA_08890	KAJCKN_09590	27.0	482	342	4	94	568	91	569	4.19e-53	186
BPNJPA_08895	MGCPIK_11245	45.2	272	148	1	306	577	7	277	9.53e-77	241
BPNJPA_08895	OEDLLD_08805	27.8	514	356	5	79	581	218	727	5.60e-59	206
BPNJPA_08895	KAJCKN_09590	28.3	516	360	6	66	576	58	568	5.19e-53	186
BPNJPA_08895	KMMJBO_11065	34.5	232	151	1	344	574	370	601	3.68e-41	154
BPNJPA_08910	KIFOBE_03875	66.0	415	139	2	3	417	2	414	8.44e-205	567
BPNJPA_08920	NIHDHO_06285	47.0	457	239	2	1	455	1	456	6.64e-143	414
BPNJPA_08930	PGPAMD_00760	55.0	1408	625	7	9	1412	3	1405	0.0	1552
BPNJPA_08995	GAOLHI_08680	32.9	434	264	6	5	430	9	423	1.84e-75	239
BPNJPA_08995	FBMMIE_06100	38.0	382	219	5	4	378	8	378	7.44e-69	220
BPNJPA_09005	KKMOGI_12335	58.9	450	177	6	1	449	1	443	8.03e-178	502
BPNJPA_09005	NLNKCD_09525	37.4	423	247	9	40	459	127	534	2.98e-73	239
BPNJPA_09005	PFNDEF_04205	35.7	434	252	12	30	459	350	760	3.88e-64	219
BPNJPA_09010	PNJNHA_01100	52.0	279	125	3	1	279	1	270	8.46e-97	283
BPNJPA_09015	MAHJHN_05475	39.7	411	220	5	4	389	457	864	1.50e-96	303
BPNJPA_09015	LEJEEC_08915	38.3	399	218	5	1	389	1	381	2.99e-81	250
BPNJPA_09015	HAFNKM_08490	34.6	390	234	9	1	381	2	379	1.24e-62	202
BPNJPA_09015	OLKGPM_09705	30.1	376	236	9	15	382	38	394	1.83e-45	163
BPNJPA_09025	KDJCIO_04690	54.4	274	110	3	4	277	2	260	1.63e-97	283
BPNJPA_09030	OBGAOG_06790	55.1	207	92	1	351	557	1	206	2.30e-70	221
BPNJPA_09035	AEGBGH_00130	45.3	486	255	9	366	846	609	1088	3.02e-112	365
BPNJPA_09040	MJHEOC_08970	54.0	211	95	1	16	226	45	253	3.36e-72	219
BPNJPA_09045	MDIEPL_13060	71.7	424	119	1	1	423	95	518	8.35e-240	660
BPNJPA_09045	NHIAMB_19525	43.9	426	229	4	3	423	115	535	7.84e-121	358
BPNJPA_09060	MKBKLI_02280	49.2	242	119	3	1	240	1	240	2.86e-69	209
BPNJPA_09070	NEHECH_06835	47.7	369	193	0	6	374	2	370	1.56e-120	350
BPNJPA_09075	MCNJPA_03870	46.5	490	250	4	1	479	10	498	2.30e-139	407
BPNJPA_09075	MEIOOM_00955	38.5	265	155	1	219	475	138	402	1.30e-49	171
BPNJPA_09085	OBHJLJ_05995	47.2	657	324	3	1	639	3	654	6.26e-198	568
BPNJPA_09085	IMJCGK_11625	38.9	511	305	6	2	511	3	507	1.13e-110	339
BPNJPA_09085	LJALIN_17780	35.2	545	323	8	2	534	50	576	2.17e-96	304
BPNJPA_09085	EHHHNJ_03925	32.1	546	306	9	1	534	2	494	6.99e-83	269
BPNJPA_09100	CAEOFN_12655	45.2	398	218	0	1	398	1	398	3.76e-126	366
BPNJPA_09105	JPJGOO_11235	74.2	213	55	0	1	213	19	231	1.41e-108	308
BPNJPA_09110	POBEHB_07710	75.3	457	113	0	2	458	37	493	6.42e-272	743
BPNJPA_09115	AJODMC_03980	51.8	388	182	4	1	386	1	385	1.65e-134	386
BPNJPA_09120	CJFJOL_15720	83.8	359	58	0	1	359	33	391	3.20e-224	613
BPNJPA_09125	KPNMII_11605	55.3	546	241	2	1	544	1	545	5.69e-209	589
BPNJPA_09130	LJGBCE_12900	79.6	554	113	0	1	554	31	584	0.0	892
BPNJPA_09130	GIBOLB_11285	43.3	552	275	12	23	553	17	551	1.96e-124	373
BPNJPA_09135	PKHOKF_04630	78.3	360	78	0	1	360	93	452	6.13e-197	546
BPNJPA_09145	FPHNOE_05055	74.1	371	96	0	2	372	4	374	3.06e-210	580
BPNJPA_09150	FAIDMJ_00835	39.8	256	139	8	261	514	74	316	3.30e-46	160
BPNJPA_09155	NMDBHH_02165	58.7	424	115	2	1	364	1	424	9.59e-171	479
BPNJPA_09165	JLBLBH_05410	37.6	306	143	5	10	270	11	313	3.52e-61	192
BPNJPA_09170	MFPDBE_06270	47.1	323	166	4	303	624	24	342	1.08e-102	312
BPNJPA_09180	PNDHNJ_00120	58.3	549	227	2	8	556	38	584	3.88e-228	639
BPNJPA_09190	DEAMOH_08025	40.5	259	124	5	2	234	5	259	5.01e-46	150
BPNJPA_09195	OPOMOC_16115	53.5	273	125	2	100	370	70	342	8.55e-88	265
BPNJPA_09200	MKBKLI_00520	43.1	325	171	5	1	322	1	314	2.09e-85	265
BPNJPA_09205	KKGFNE_01495	59.1	543	187	3	1	508	1	543	1.51e-231	644
BPNJPA_09210	JEKOGE_06050	40.3	447	262	3	5	448	1	445	1.88e-111	333
BPNJPA_09210	ADOCAH_04505	44.2	206	115	0	28	233	2	207	2.08e-54	178
BPNJPA_09210	NOJFKC_04840	28.7	401	276	6	14	413	14	405	3.96e-45	159
BPNJPA_09210	DNBNEF_09455	27.3	439	303	7	15	445	12	442	1.44e-42	152
BPNJPA_09245	NDJCGB_25485	78.0	164	36	0	1	164	101	264	5.44e-87	252
BPNJPA_09250	LPCGND_12240	32.9	434	267	8	5	421	17	443	2.88e-73	235
BPNJPA_09250	INCKOO_06225	51.1	223	100	2	3	216	10	232	7.25e-70	218
BPNJPA_09260	OMINCF_03955	45.1	430	234	1	24	451	10	439	5.09e-135	393
BPNJPA_09285	AHNHLJ_13890	52.5	337	159	1	1	337	1	336	4.29e-125	358
BPNJPA_09300	AOOCMJ_03895	57.3	300	128	0	1	300	25	324	7.99e-128	364
BPNJPA_09305	FKEMDL_06390	28.3	357	229	5	74	419	42	382	5.71e-44	156
BPNJPA_09315	BOPGEP_09895	52.5	613	286	3	1	608	2	614	1.03e-228	646
BPNJPA_09345	LAMMKD_09880	49.4	423	209	2	4	424	60	479	5.05e-146	421
BPNJPA_09345	OKNPEK_06340	39.8	422	249	3	5	425	6	423	8.41e-113	334
BPNJPA_09350	KHMKPO_15140	34.9	467	299	2	56	519	57	521	4.78e-99	305
BPNJPA_09360	OCDBMN_13345	48.1	470	232	5	4	464	2	468	6.81e-155	444
BPNJPA_09365	JFOKOO_01880	52.2	542	251	5	9	550	6	539	3.02e-199	563
BPNJPA_09370	LPCGND_12240	59.4	490	196	1	2	488	16	505	2.77e-225	625
BPNJPA_09390	OOFIDG_03175	50.0	422	198	5	8	423	3	417	6.70e-130	377
BPNJPA_09425	PBNOEJ_06450	43.0	193	106	2	6	197	4	193	6.93e-50	157
BPNJPA_09430	MPNMPI_08090	39.5	238	141	1	19	253	6	243	2.22e-61	190
BPNJPA_09440	KMGACI_09375	52.8	466	212	4	1	464	8	467	6.56e-171	485
BPNJPA_09440	PDHKAH_02565	37.5	480	272	8	3	466	5	472	2.86e-89	276
BPNJPA_09455	JLNLFB_04605	61.5	156	60	0	1	156	231	386	2.75e-61	191
BPNJPA_09480	CJIEHG_02875	77.5	391	88	0	1	391	47	437	1.04e-201	559
BPNJPA_09500	IDAAGF_01625	38.9	491	263	11	1	470	267	741	1.67e-106	329
BPNJPA_09510	BCFHOD_11480	54.4	1249	555	10	3	1251	90	1324	0.0	1283
BPNJPA_09525	PBNOEJ_00970	47.4	843	365	7	14	780	1	841	4.92e-263	746
BPNJPA_09530	CGOKML_00970	54.4	180	82	0	8	187	9	188	2.27e-60	191
BPNJPA_09545	FKEMDL_10030	52.2	584	124	5	4	433	2	584	5.13e-192	542
BPNJPA_09550	JPGONO_05465	35.8	477	295	5	69	536	69	543	1.02e-93	293
BPNJPA_09560	AFKLCO_01805	40.5	306	162	7	10	309	3	294	5.39e-60	190
BPNJPA_09580	LMHIPG_08860	52.9	399	175	3	3	390	16	412	1.20e-142	409
BPNJPA_09585	HAAAJJ_06910	57.0	1274	502	11	254	1499	441	1696	0.0	1446
BPNJPA_09590	AEGBGH_05720	45.7	335	178	2	11	344	5	336	3.71e-100	296
BPNJPA_09610	NEFOEM_04370	43.3	337	182	5	12	340	12	347	4.05e-84	256
BPNJPA_09615	HDKNDC_03395	49.1	395	199	2	1	395	1	393	1.10e-137	395
BPNJPA_09645	ENCFBG_02550	76.7	356	83	0	1	356	27	382	1.22e-190	527
BPNJPA_09650	OJKFBE_02800	52.9	314	114	2	2	281	20	333	1.47e-110	319
BPNJPA_09650	KAHMBC_00285	48.6	216	102	4	69	279	367	578	7.45e-58	191
BPNJPA_09655	KAHMBC_00285	42.9	296	168	1	1	295	1	296	8.75e-73	231
BPNJPA_09665	FGMGBK_10205	45.7	256	139	0	1	256	1	256	4.70e-77	231
BPNJPA_09670	OBMNEO_04895	66.0	374	122	4	74	443	259	631	2.00e-172	494
BPNJPA_09675	OGFFFB_05795	58.6	382	150	2	1	378	36	413	8.93e-150	426
BPNJPA_09680	CFMBFO_15475	49.9	337	134	2	2	303	7	343	8.41e-114	329
BPNJPA_09690	LFFHHF_03375	71.1	419	120	1	1	418	84	502	6.97e-214	595
BPNJPA_09695	IPLLHO_16290	53.4	247	102	3	1	234	33	279	5.94e-82	243
BPNJPA_09710	GIAEGI_04580	63.7	157	57	0	232	388	2	158	1.75e-66	204
BPNJPA_09725	HDKNDC_07670	53.1	542	253	1	9	549	49	590	3.39e-212	598
BPNJPA_09725	CGDHDB_11180	41.8	541	312	3	9	548	4	542	1.13e-151	442
BPNJPA_09730	AIPGGO_11300	47.6	206	101	3	33	231	44	249	1.60e-55	174
BPNJPA_09735	DELOGM_05175	48.2	249	123	2	14	260	4	248	1.24e-81	244
BPNJPA_09745	GMPGOM_08675	34.3	233	149	2	10	239	13	244	2.13e-48	157
BPNJPA_09745	IADIMG_09525	35.2	227	141	2	15	239	17	239	4.14e-46	151
BPNJPA_09775	KNCOJD_04640	49.7	143	71	1	1	143	578	719	4.07e-44	151
BPNJPA_09780	MKABCP_06035	41.8	392	205	4	5	395	3	372	1.71e-97	292
BPNJPA_09785	OFMOME_08970	61.4	588	219	2	1	580	12	599	1.57e-242	679
BPNJPA_09795	LPCGND_06910	56.1	344	145	3	6	343	4	347	2.57e-130	374
BPNJPA_09795	PFGANA_12245	39.5	349	197	4	6	346	12	354	2.84e-77	238
BPNJPA_09805	KNCOJD_00140	33.3	372	221	12	2	357	23	383	1.66e-55	182
BPNJPA_09810	MCPLNH_08930	38.2	225	136	2	1	223	1	224	1.32e-55	173
BPNJPA_09820	BDFMEP_07880	44.7	378	194	5	6	383	4	366	5.04e-102	303
BPNJPA_09850	EFDFGM_03780	73.7	468	123	0	1	468	36	503	2.38e-273	746
BPNJPA_09855	IOBNAI_02850	72.5	491	135	0	6	496	79	569	1.57e-263	725
BPNJPA_09860	KGACJP_24205	64.5	499	173	2	1	499	10	504	6.53e-244	673
BPNJPA_09865	CHFKLB_06175	84.9	604	91	0	1	604	51	654	0.0	1038
BPNJPA_09865	PHAIHL_05095	30.2	507	287	16	4	476	53	526	6.44e-49	177
BPNJPA_09870	OHKOAG_03595	44.1	324	179	2	1	324	1	322	1.66e-95	282
BPNJPA_09885	AJKFOC_10770	48.8	480	229	1	1	463	12	491	2.96e-156	449
BPNJPA_09900	CHOGBF_07310	57.3	143	59	1	1	141	1	143	7.12e-49	150
BPNJPA_09905	KKMOGI_03320	46.5	391	203	3	4	392	23	409	9.10e-120	350
BPNJPA_09905	LKAFFP_03145	38.4	385	226	7	13	392	11	389	3.17e-86	263
BPNJPA_09910	GKLKJE_06895	49.6	284	139	2	9	291	8	288	1.00e-96	283
BPNJPA_09915	CPCJJL_13635	47.0	404	207	4	6	407	9	407	3.53e-110	326
BPNJPA_09925	PIJCBA_10525	80.6	346	67	0	1	346	73	418	1.12e-208	574
BPNJPA_09930	JFOKOO_10945	49.4	405	202	1	11	415	9	410	5.25e-129	374
BPNJPA_09935	INKIHH_11820	45.3	267	140	3	3	269	4	264	1.55e-76	231
BPNJPA_09945	BDFMEP_06280	54.4	406	174	4	4	406	2	399	1.06e-151	431
BPNJPA_09950	DCNHNC_00255	35.6	407	229	6	21	404	39	435	5.69e-66	214
BPNJPA_09955	GEHMID_04670	47.7	216	110	2	99	312	200	414	4.38e-65	207
BPNJPA_10045	NDJCGB_22180	56.9	413	164	5	5	407	58	466	3.88e-161	458
BPNJPA_10060	AEHBLL_10425	30.8	393	235	5	107	474	110	490	1.16e-48	170
BPNJPA_10065	BAJPMC_02220	47.7	394	185	7	41	432	163	537	1.16e-97	300
BPNJPA_10070	PNJNHA_06825	53.2	609	279	4	1	608	1	604	2.12e-216	612
BPNJPA_10085	IMDKHO_03910	51.3	310	146	2	3	307	2	311	1.30e-113	327
BPNJPA_10100	AEHBLL_10425	52.6	492	208	3	1	468	1	491	3.96e-182	514
BPNJPA_10105	BPPMOK_09185	44.8	308	168	1	2	307	3	310	1.16e-97	288
BPNJPA_10115	OKHOCL_06130	55.9	281	121	3	1	281	1	278	4.00e-107	308
BPNJPA_10120	ANOIGO_02040	46.1	590	309	6	248	832	336	921	2.94e-173	521
BPNJPA_10130	IFHDGK_04315	56.0	241	106	0	1	241	1	241	2.78e-97	293
BPNJPA_10130	PPPHGA_03180	45.5	198	108	0	45	242	37	234	2.30e-55	174
BPNJPA_10140	ILCLPH_03175	45.1	173	92	1	1	173	1	170	2.91e-52	162
BPNJPA_10150	NIMMDJ_02025	60.4	364	134	3	1	357	1	361	4.45e-165	462
BPNJPA_10165	NEALDO_03765	44.3	307	166	4	3	306	2	306	7.12e-84	252
BPNJPA_10165	OEDLLD_10520	32.6	319	203	7	1	311	1	315	6.90e-44	150
BPNJPA_10180	EDBAJH_12145	50.5	307	146	5	1	303	1	305	2.19e-101	307
BPNJPA_10195	ANAEHF_02140	42.2	258	143	3	11	265	2	256	2.37e-56	181
BPNJPA_10215	ADAMEB_07400	80.3	736	145	0	1	736	86	821	0.0	1185
BPNJPA_10220	GNANIN_05050	55.1	321	141	1	4	321	5	325	2.37e-116	336
BPNJPA_10225	NCLFML_05230	58.7	941	381	4	11	947	5	941	0.0	1090
BPNJPA_10230	BMCEAO_10385	80.8	657	126	0	4	660	66	722	0.0	1057
BPNJPA_10240	ANBPFB_04615	69.9	571	146	1	1	545	1	571	2.73e-285	785
BPNJPA_10245	PMEPJL_13775	37.7	414	229	6	447	834	2	412	1.77e-80	262
BPNJPA_10250	EEOPDA_04385	50.8	392	183	7	1	385	1	389	1.19e-129	374
BPNJPA_10250	MDMJGO_07865	42.6	387	215	6	1	382	1	385	1.38e-104	310
BPNJPA_10310	LKLDMN_19325	44.3	221	118	3	1	220	1	217	3.88e-58	180
BPNJPA_10320	DPDMEB_13265	41.9	227	130	1	1	225	33	259	6.85e-58	180
BPNJPA_10330	EAGKMD_10480	68.4	431	136	0	3	433	63	493	2.67e-223	618
BPNJPA_10345	DEAMOH_14925	60.4	778	300	5	4	773	51	828	1.03e-311	870
BPNJPA_10350	BEHLNB_01715	43.2	403	212	7	11	403	5	400	2.51e-100	301
BPNJPA_10355	PMOLLI_04005	77.6	192	43	0	1	192	37	228	8.98e-105	297
BPNJPA_10360	OLKGPM_00030	40.0	427	252	3	1	426	1	424	5.73e-94	286
BPNJPA_10365	DELOGM_07560	44.9	176	95	2	4	179	2	175	1.95e-48	152
BPNJPA_10380	PIJCBA_09290	76.0	400	96	0	1	400	11	410	1.77e-214	591
BPNJPA_10380	GJDIKO_03450	29.5	403	268	4	2	398	3	395	2.02e-54	181
BPNJPA_10385	CBKMKC_04040	49.3	402	196	5	1	397	11	409	2.07e-134	388
BPNJPA_10390	NPACKI_02135	53.4	406	179	4	1	404	1	398	1.41e-143	410
BPNJPA_10395	NKBHGG_10765	52.9	308	143	1	2	307	60	367	3.29e-110	321
BPNJPA_10395	ENCFBG_02550	33.5	313	191	5	8	308	64	371	2.91e-52	172
BPNJPA_10400	MIMOKC_00785	50.1	928	361	10	9	855	2	908	1.26e-293	830
BPNJPA_10405	CFELJI_04825	54.9	255	113	1	1	253	1	255	3.49e-104	299
BPNJPA_10415	OPOMOC_16115	44.2	265	146	2	28	290	66	330	2.47e-66	207
BPNJPA_10420	PDFOOG_00510	46.8	641	331	4	8	644	15	649	8.71e-198	568
BPNJPA_10425	NNFGHE_04830	47.2	254	129	2	1	250	1	253	3.83e-79	235
BPNJPA_10430	PAHPGF_09515	48.6	288	146	2	1	288	1	286	1.15e-93	275
BPNJPA_10435	AHGGGF_11555	53.6	209	94	3	1	208	1	207	2.70e-77	227
BPNJPA_10440	PHAIHL_05095	80.0	605	121	0	1	605	51	655	0.0	968
BPNJPA_10440	CHFKLB_06175	29.5	543	316	21	5	513	56	565	1.24e-46	170
BPNJPA_10450	NKCJOK_11325	48.6	183	84	2	1	183	1	173	5.94e-55	168
BPNJPA_10465	ECMPMP_08745	36.6	306	189	3	12	316	16	317	1.61e-59	190
BPNJPA_10470	OPDKDG_08630	41.9	227	125	5	64	289	1	221	3.08e-47	154
BPNJPA_10495	CPMPBM_10790	59.9	644	254	4	4	646	2	642	8.77e-265	738
BPNJPA_10505	CNNHAB_05870	49.0	800	380	12	1	782	1	790	1.55e-246	710
BPNJPA_10505	BIJIBE_02780	36.1	784	390	22	18	782	3	694	4.55e-134	414
BPNJPA_10515	BOLFNP_06995	43.2	377	213	1	1	376	36	412	2.47e-105	313
BPNJPA_10520	HGOKLA_19650	50.9	212	98	4	1	207	19	229	6.72e-60	184
BPNJPA_10525	BLJAJM_02075	48.9	307	152	5	40	342	1	306	1.47e-96	285
BPNJPA_10540	AFKLCO_01430	58.9	421	168	4	6	424	5	422	2.96e-172	485
BPNJPA_10560	MKDNFB_06670	39.7	750	401	9	10	716	7	748	4.97e-183	539
BPNJPA_10565	MKDNFB_06670	41.6	652	353	8	9	637	6	652	6.60e-163	487
BPNJPA_10570	FKNOEG_02840	36.5	255	156	3	26	279	23	272	2.35e-53	171
BPNJPA_10590	CPMPBM_01325	57.3	1076	418	5	1	1046	1	1065	0.0	1182
BPNJPA_10595	NDJCGB_23505	71.1	391	74	2	1	352	19	409	1.12e-203	562
BPNJPA_10610	PPPHGA_23390	48.9	180	87	1	46	225	33	207	2.10e-51	162
BPNJPA_10620	ICHLBC_08475	42.3	418	224	8	23	430	3	413	3.74e-99	310
BPNJPA_10625	KDFPIB_00630	37.9	454	171	8	1	344	1	453	1.88e-83	256
BPNJPA_10625	FMEHEA_05590	36.5	356	200	8	1	341	1	345	2.04e-61	196
BPNJPA_10630	DKDGNM_00610	59.3	270	109	1	101	369	1	270	8.48e-108	314
BPNJPA_10640	JFOKOO_05605	45.3	236	117	4	1	233	4	230	7.69e-70	210
BPNJPA_10645	FIODKN_03895	75.5	184	44	1	1	183	24	207	2.63e-96	274
BPNJPA_10650	ANAEHF_04215	44.8	230	126	1	2	230	5	234	2.94e-68	206
BPNJPA_10655	MNAECF_10400	51.3	415	202	0	17	431	62	476	1.71e-133	392
BPNJPA_10660	LKEOCB_02500	47.9	234	122	0	93	326	25	258	2.44e-69	214
BPNJPA_10665	GAOLHI_01445	47.2	339	176	2	2	337	44	382	1.73e-108	319
BPNJPA_10665	NIINMJ_19970	37.9	343	200	6	5	337	37	376	8.17e-69	217
BPNJPA_10670	AMDFLH_11040	50.7	207	100	2	69	274	1	206	7.08e-62	193
BPNJPA_10710	EBFHBG_25625	37.8	465	263	11	346	790	5	463	6.99e-95	301
BPNJPA_10730	GKLKJE_14420	40.2	443	264	1	1	442	1	443	6.45e-107	321
BPNJPA_10730	OMINCF_06730	33.3	423	279	2	8	429	4	424	4.26e-70	225
BPNJPA_10730	DIFDMH_04115	33.5	388	251	6	8	392	7	390	2.28e-63	208
BPNJPA_10730	NGIBDE_08595	28.0	443	315	2	8	448	47	487	2.58e-56	190
BPNJPA_10730	AIAJBN_07055	26.5	449	325	2	3	448	2	448	6.96e-52	177
BPNJPA_10735	IHPOBM_13605	49.9	405	182	3	7	391	6	409	8.68e-129	373
BPNJPA_10745	ALODHP_02915	46.3	693	361	7	1	689	1	686	3.52e-191	554
BPNJPA_10745	PJGAFD_00175	30.6	539	365	6	140	675	68	600	7.93e-76	252
BPNJPA_10745	OOMOLM_10315	29.6	510	330	7	161	653	285	782	2.74e-65	227
BPNJPA_10760	MPNMPI_08435	52.5	722	311	9	1	705	1	707	9.97e-237	672
BPNJPA_10760	ENNDNJ_02705	26.8	723	462	20	6	677	94	800	1.74e-54	197
BPNJPA_10800	CFGLOL_00075	77.7	763	170	0	3	765	23	785	0.0	1256
BPNJPA_10800	ACMOBE_04080	33.7	778	480	18	7	762	1	764	2.82e-127	394
BPNJPA_10805	AHOMGJ_00200	42.6	423	230	6	3	422	2	414	6.54e-119	349
BPNJPA_10815	GBFPPP_02610	63.2	351	117	2	1	339	54	404	1.79e-160	451
BPNJPA_10820	JGACAL_08620	48.5	637	318	6	4	636	4	634	1.89e-200	578
BPNJPA_10825	CGOKML_10095	54.3	291	130	3	1	289	1	290	3.90e-103	299
BPNJPA_10830	IBDNDD_01930	45.8	249	128	2	4	251	2	244	2.20e-71	216
BPNJPA_10835	PPDBCL_07570	44.5	443	238	5	2	437	6	447	1.19e-112	335
BPNJPA_10855	LKLDMN_19325	41.4	220	123	3	1	218	1	216	1.18e-48	155
BPNJPA_11085	CPJNAH_07045	31.9	631	323	16	15	559	15	624	4.84e-80	259
BPNJPA_11095	INKIHH_10100	53.1	746	338	7	1	743	1	737	1.28e-261	737
BPNJPA_11095	NIHDHO_00130	30.4	602	379	12	43	637	2	570	1.04e-65	224
BPNJPA_11105	KJIPPC_08975	58.0	205	83	1	1	205	1	202	2.11e-69	209
BPNJPA_11115	HPIFBD_09180	41.2	233	132	3	4	235	5	233	2.52e-55	174
BPNJPA_11445	NKBHGG_16915	43.4	256	144	1	1	256	104	358	2.81e-73	224
BPNJPA_11465	OIJDCC_03805	43.6	349	187	3	4	345	59	404	2.44e-96	288
BPNJPA_11470	LMJHIN_02325	38.8	214	130	1	1	214	1	213	1.94e-47	152
BPNJPA_11480	CFELJI_13150	45.7	994	392	10	6	856	7	995	6.14e-292	828
BPNJPA_11480	ACMOBE_04080	26.3	735	452	20	190	846	30	752	1.36e-61	219
BPNJPA_11495	CFELJI_12430	50.3	1026	471	10	1	997	1	1016	0.0	966
BPNJPA_11495	NLNKCD_09525	31.3	399	256	8	448	833	137	530	2.04e-53	194
BPNJPA_11495	PFNDEF_04205	29.7	526	291	14	447	924	360	854	2.22e-52	194
BPNJPA_11500	PKDIEA_12970	50.9	442	216	1	1	441	29	470	1.26e-171	486
BPNJPA_11505	OLKGPM_10185	52.3	214	91	5	5	216	6	210	1.23e-69	208
BPNJPA_11510	BGMBNC_05215	48.6	391	193	4	7	396	6	389	1.59e-121	354
BPNJPA_11515	ACCPON_11550	39.0	428	220	4	4	431	5	391	7.58e-103	308
BPNJPA_11520	DCNHNC_05265	77.5	396	89	0	2	397	5	400	1.85e-233	638
BPNJPA_11530	ACAFCJ_08195	46.8	314	156	5	5	312	57	365	1.46e-85	258
BPNJPA_11535	FKEMDL_11265	44.5	422	229	1	19	440	10	426	1.99e-118	349
BPNJPA_11540	KCDKMK_07335	44.1	401	218	4	1	398	1	398	3.35e-125	367
BPNJPA_11545	MMNNJC_09750	37.4	481	282	7	3	469	4	479	1.02e-89	283
BPNJPA_11555	PENENA_05520	37.6	338	194	8	1	329	1	330	1.62e-57	187
BPNJPA_11575	AFILLI_03470	47.1	204	105	3	2	202	4	207	2.82e-62	189
BPNJPA_11580	BCFHOD_04585	44.8	210	113	2	13	222	8	214	4.57e-56	174
BPNJPA_11585	NIIHOH_06385	43.3	688	381	6	1	686	40	720	5.45e-186	543
BPNJPA_11585	LKEOCB_02700	37.3	662	399	8	8	667	1	648	1.48e-131	400
BPNJPA_11590	IMMPMF_10375	71.0	210	61	0	248	457	1	210	2.61e-104	305
BPNJPA_11620	EDPPFC_16165	44.7	244	132	2	1	244	1	241	7.25e-63	193
BPNJPA_11635	IBBLIJ_02180	47.1	306	153	5	1	301	1	302	9.39e-75	228
BPNJPA_11640	FFOHFI_09755	90.8	239	21	1	1	238	86	324	1.31e-156	434
BPNJPA_11645	EHHHNJ_11535	60.7	122	47	1	1	122	1	121	2.48e-53	160
BPNJPA_11705	FCHNIC_10895	47.8	588	304	3	1	587	1	586	1.38e-186	534
BPNJPA_11705	PNJNHA_04955	30.8	575	371	11	17	587	14	565	1.20e-74	244
BPNJPA_11720	LBBLIC_10685	57.0	242	94	2	1	232	1	242	1.09e-92	268
BPNJPA_11740	JFOKOO_10195	57.3	185	78	1	1	185	1	184	1.91e-75	221
BPNJPA_11745	MOLHNH_07985	67.7	161	51	1	1	160	1	161	2.78e-76	222
BPNJPA_11755	AIGKOF_03855	56.2	201	77	4	29	221	35	232	1.41e-73	219
BPNJPA_11760	HHJGNO_12810	90.5	200	19	0	113	312	1	200	7.06e-119	343
BPNJPA_11770	BKGFAN_12710	69.0	526	162	1	3	527	1	526	1.11e-246	684
BPNJPA_11785	PJAAIO_08660	55.0	260	111	5	1	256	1	258	8.81e-78	232
BPNJPA_11790	NKDPLI_06995	51.8	691	317	7	5	681	6	694	1.62e-239	695
BPNJPA_11795	PGPAMD_08360	39.0	267	157	3	83	348	16	277	4.58e-54	176
BPNJPA_11800	EKIEJL_17310	38.1	493	301	2	13	502	12	503	2.28e-113	341
BPNJPA_11810	MPNMPI_01965	37.7	300	179	2	6	305	7	298	5.25e-66	210
BPNJPA_11810	HFAHKK_07810	31.9	389	149	6	6	280	7	393	3.89e-50	177
BPNJPA_11815	DKDGNM_20170	49.2	179	90	1	35	212	40	218	1.22e-56	176
BPNJPA_11820	KDFDAI_07250	57.7	555	231	2	3	554	154	707	2.48e-236	664
BPNJPA_11845	ODHFDB_02170	54.6	414	158	5	1	385	2	414	1.49e-148	429
BPNJPA_11845	BGMBNC_08915	32.7	385	251	3	6	384	28	410	1.31e-58	195
BPNJPA_11845	NJKLPJ_06960	32.1	389	257	4	3	386	43	429	9.27e-57	191
BPNJPA_11855	HEEEIG_05985	53.4	386	170	4	7	392	6	381	2.46e-134	386
BPNJPA_11860	MKENAJ_04070	43.8	372	204	5	3	372	5	373	1.20e-96	290
BPNJPA_11865	NDJAKL_07675	43.6	250	134	2	1	244	1	249	8.16e-69	209
BPNJPA_11865	JLCMGD_11090	44.5	245	131	4	1	243	1	242	2.37e-62	192
BPNJPA_11870	JIDGJJ_02600	49.3	353	142	3	1	316	1	353	1.11e-111	324
BPNJPA_11870	AEOGEB_05155	34.0	321	192	8	2	315	26	333	3.58e-57	184
BPNJPA_11880	BEEJFJ_04365	41.2	328	178	7	1	326	1	315	7.29e-76	232
BPNJPA_11895	OEDLLD_08805	68.1	524	167	0	78	601	202	725	2.59e-248	697
BPNJPA_11895	JAFONP_12205	37.5	598	360	4	13	607	26	612	1.80e-124	377
BPNJPA_11895	KAJCKN_09590	31.2	581	383	6	23	599	2	569	4.46e-83	268
BPNJPA_11895	KMMJBO_11065	27.7	625	385	11	23	600	1	605	8.50e-64	217
BPNJPA_11895	MGCPIK_11245	41.4	278	159	2	321	598	3	276	1.67e-63	207
BPNJPA_11900	KMMJBO_11065	36.6	555	317	3	208	727	50	604	1.35e-100	319
BPNJPA_11900	KAJCKN_09590	35.8	537	334	3	192	727	43	569	2.53e-99	314
BPNJPA_11900	OEDLLD_08805	29.9	508	346	4	228	731	226	727	8.74e-62	217
BPNJPA_11900	MGCPIK_11245	36.7	264	161	3	460	723	16	273	7.96e-50	172
BPNJPA_11910	OKLCDA_08950	81.1	376	71	0	1	376	61	436	2.71e-234	641
BPNJPA_11910	GGCBJB_04630	37.9	401	213	8	1	368	1	398	7.14e-89	270
BPNJPA_11925	JFOKOO_09130	57.8	739	305	4	10	748	5	736	1.59e-301	839
BPNJPA_11975	ACMOBE_04080	46.7	764	395	5	5	758	1	762	7.29e-242	689
BPNJPA_11975	CFGLOL_00075	32.0	772	491	18	5	759	27	781	1.05e-110	351
BPNJPA_11980	MKHMMK_06820	63.0	146	54	0	1	146	17	162	6.07e-66	196
BPNJPA_11985	LKAFFP_11195	46.9	262	126	4	1	262	1	249	9.61e-71	214
BPNJPA_12065	JCMKKN_07565	52.5	451	200	2	6	450	5	447	1.79e-162	462
BPNJPA_12075	BDLLLF_08695	50.1	712	341	6	82	786	218	922	8.46e-233	674
BPNJPA_12085	BDFMEP_04085	36.9	279	152	9	3	274	1	262	2.90e-47	155
BPNJPA_12100	FPMAMI_13105	38.6	220	130	3	2	218	3	220	3.38e-47	152
BPNJPA_12105	BABCNK_07350	56.1	214	93	1	1	214	1	213	1.59e-77	229
BPNJPA_12110	KBKJLO_09160	53.6	248	113	1	3	248	12	259	2.81e-94	274
BPNJPA_12115	GFNANP_06710	60.9	271	95	2	26	285	10	280	3.67e-102	296
BPNJPA_12120	BGHMFE_09910	49.1	277	141	0	8	284	5	281	2.39e-86	257
BPNJPA_12125	IJPAHP_06985	41.5	260	148	2	47	306	34	289	5.26e-64	200
BPNJPA_12130	HFAHKK_14275	42.2	545	304	3	4	538	69	612	5.26e-139	412
BPNJPA_12130	PJAPKP_15045	35.1	550	348	4	4	545	3	551	2.29e-94	297
BPNJPA_12140	KOGAEP_23345	54.3	339	145	1	6	334	102	440	8.07e-140	400
BPNJPA_12175	GLPAEG_01685	52.4	250	100	1	4	234	3	252	3.36e-82	243
BPNJPA_12180	KGLJGB_06615	51.0	149	61	1	5	141	8	156	9.52e-52	159
BPNJPA_12205	FLAJJJ_06280	61.2	170	66	0	21	190	9	178	3.98e-71	219
BPNJPA_12205	PJAAIO_03310	31.1	440	263	11	6	425	3	422	2.25e-52	177
BPNJPA_12215	GMHKEG_05155	58.3	882	361	4	1	881	1	876	0.0	1077
BPNJPA_12215	AEOEGG_04380	26.2	826	511	22	15	751	72	887	1.75e-81	281
BPNJPA_12230	NNINDC_02165	52.5	587	270	6	13	597	4	583	2.08e-208	590
BPNJPA_12235	EPEMNJ_10385	38.4	471	274	4	9	465	6	474	2.19e-102	312
BPNJPA_12260	CCDOAK_00015	36.7	501	297	5	3	489	27	521	5.53e-102	312
BPNJPA_12260	IOBNAI_13140	54.9	213	94	1	283	493	1	213	2.11e-75	233
BPNJPA_12260	MIKFNA_15845	44.3	235	127	2	259	491	1	233	2.89e-55	181
BPNJPA_12275	OEKCMO_04465	31.0	561	346	13	43	589	52	585	3.48e-84	271
BPNJPA_12285	MMNNJC_09750	29.1	494	307	10	2	475	3	473	3.89e-56	190
BPNJPA_12315	NAGHPK_09505	36.5	488	294	5	4	489	2	475	3.71e-105	320
BPNJPA_12325	CJHDOF_01680	36.8	288	168	9	3	281	2	284	9.06e-51	165
BPNJPA_12325	NLFOCH_02220	36.2	287	149	4	3	255	9	295	1.47e-48	160
BPNJPA_12325	KNHFLC_14100	36.8	253	153	2	3	248	2	254	6.96e-48	157
BPNJPA_12330	BCNBMK_03260	40.8	338	193	3	1	336	1	333	7.07e-83	251
BPNJPA_12335	BPHMMJ_01910	48.5	202	104	0	3	204	2	203	7.23e-61	189
BPNJPA_12345	BDIMAC_08940	32.8	549	314	18	2	506	5	542	4.01e-81	259
BPNJPA_12350	JCFJEP_06495	29.9	726	384	25	12	678	50	709	2.29e-64	223
BPNJPA_12350	EBFHBG_25625	37.1	275	150	7	438	692	49	320	2.59e-43	159
BPNJPA_12395	HJGNEK_01760	32.7	300	195	3	8	306	2	295	1.67e-50	165
BPNJPA_12400	DIIMPP_04560	36.4	286	174	4	25	308	21	300	1.47e-54	176
BPNJPA_12410	FGDENG_01340	61.8	811	310	0	1	811	25	835	0.0	1072
BPNJPA_12415	EFDFGM_03780	72.0	468	131	0	1	468	36	503	2.48e-274	749
BPNJPA_12420	EMGIMK_04390	72.0	328	91	1	122	449	337	663	9.86e-167	486
BPNJPA_12425	EMGIMK_04390	90.2	337	33	0	1	337	1	337	1.40e-229	638
BPNJPA_12460	CCDOAK_00015	34.5	504	305	6	2	488	26	521	1.33e-93	291
BPNJPA_12460	IOBNAI_13140	45.5	213	114	1	282	492	1	213	1.72e-54	179
BPNJPA_12460	MIKFNA_15845	36.2	235	144	2	258	489	1	232	3.51e-44	152
BPNJPA_12475	LEJEEC_08915	47.1	378	197	2	1	378	1	375	6.60e-119	346
BPNJPA_12475	MAHJHN_05475	33.1	402	240	8	4	377	457	857	1.70e-63	214
BPNJPA_12475	HAFNKM_08490	28.6	391	239	7	11	380	12	383	2.83e-50	169
BPNJPA_12475	OLKGPM_09705	32.3	359	202	6	26	368	47	380	1.57e-46	166
BPNJPA_12485	ADAMEB_04310	81.3	182	34	0	1	182	1	182	3.24e-98	278
BPNJPA_12530	ELNOCH_15095	83.1	207	34	1	256	462	2	207	5.61e-122	350
BPNJPA_12530	MAHJHN_05475	33.0	400	243	8	34	417	13	403	7.99e-58	201
BPNJPA_12540	JAPGFK_07315	50.7	203	99	1	4	206	3	204	6.68e-68	206
BPNJPA_12555	HPIFBD_09180	36.2	246	152	3	1	245	1	242	7.31e-47	152
BPNJPA_12570	MNPOJG_03675	39.4	419	250	4	10	427	5	420	5.18e-86	265
BPNJPA_12595	JCMKKN_10605	48.4	399	202	4	4	401	8	403	1.63e-142	409
BPNJPA_12600	EPEMNJ_10385	50.8	478	219	1	1	462	1	478	7.73e-173	491
BPNJPA_12615	MNPOJG_03675	38.4	396	241	3	34	428	27	420	2.85e-89	274
BPNJPA_12635	JHLGGO_08550	83.5	261	43	0	3	263	13	273	1.22e-156	433
BPNJPA_12640	GBJPGG_16335	49.5	291	132	2	1	287	17	296	9.89e-101	293
BPNJPA_12710	CGDHDB_07975	47.4	401	198	3	7	394	184	584	2.01e-105	320
BPNJPA_12715	AHPIPH_10535	42.6	477	190	7	12	408	14	486	2.52e-127	372
BPNJPA_12720	GKLHFB_16435	46.6	178	94	1	7	183	9	186	1.85e-56	173
BPNJPA_12730	INHOHM_11200	41.5	598	336	6	31	617	110	704	1.90e-142	427
BPNJPA_12730	OOMOLM_10315	35.2	506	309	8	84	577	282	780	7.45e-91	295
BPNJPA_12730	PJGAFD_00175	31.4	544	344	9	87	617	89	616	1.02e-79	260
BPNJPA_12730	ALODHP_02915	27.4	526	353	8	78	589	150	660	3.01e-54	192
BPNJPA_12740	INHOHM_11200	40.8	711	399	8	69	765	3	705	3.74e-163	485
BPNJPA_12740	OOMOLM_10315	30.6	696	425	11	79	722	89	778	1.87e-88	293
BPNJPA_12740	ALODHP_02915	30.2	494	317	7	214	693	138	617	6.68e-56	200
BPNJPA_12745	HAINKJ_00320	39.6	225	133	2	194	417	495	717	8.30e-50	176
BPNJPA_12820	KNCOJD_10650	63.8	412	122	1	1	385	1	412	5.91e-183	511
BPNJPA_12830	MLIPEK_10095	44.8	397	213	2	4	399	3	394	7.24e-127	368
BPNJPA_12840	NPIJJF_10075	43.0	228	124	2	3	230	2	223	3.37e-47	159
BPNJPA_12845	PPECAL_07255	54.2	544	190	5	1	492	1	537	2.93e-196	553
BPNJPA_12845	PFNDEF_04205	30.9	434	245	11	65	484	364	756	3.73e-46	168
BPNJPA_12850	EDPPFC_06940	45.2	1487	766	17	10	1477	9	1465	0.0	1188
BPNJPA_12855	CFELJI_12385	63.6	555	172	3	1	525	1	555	1.93e-252	698
BPNJPA_12870	KJKCNM_14465	34.7	320	197	5	2	320	14	322	1.01e-57	185
BPNJPA_12885	KIBBKD_19165	64.3	207	72	1	1	205	1	207	1.84e-88	255
BPNJPA_12915	FOHGAB_17375	52.1	482	216	8	1	472	1	477	5.90e-154	442
BPNJPA_12925	LKLDMN_19325	39.4	218	128	2	5	222	4	217	6.31e-51	162
BPNJPA_12940	GOMFON_03155	56.1	189	82	1	34	221	33	221	9.31e-72	214
BPNJPA_12945	NMNMDH_09010	54.3	254	115	1	1	253	1	254	3.82e-92	268
BPNJPA_12950	NEALDO_02625	55.6	198	87	1	1	198	1	197	2.47e-74	219
BPNJPA_12955	IEDJIN_05035	56.5	214	93	0	273	486	1	214	2.74e-88	266
BPNJPA_12960	GEHMID_04080	42.7	225	121	3	6	225	4	225	3.70e-59	182
BPNJPA_12970	LKLDMN_19325	37.4	219	128	4	4	217	3	217	1.90e-47	152
BPNJPA_13010	CIPHAP_11235	49.0	288	137	2	1	288	6	283	3.23e-94	276
BPNJPA_13015	JECBHO_05075	73.3	120	32	0	1	120	1	120	7.11e-59	180
BPNJPA_13020	EOJLEP_12515	53.9	280	128	1	1	280	1	279	1.89e-100	291
BPNJPA_13030	KCDKMK_07335	35.8	324	189	6	2	309	26	346	4.08e-66	213
BPNJPA_13040	NAGHPK_09505	49.0	473	236	2	1	468	1	473	2.35e-164	470
BPNJPA_13045	CKMOEO_08105	48.1	495	250	3	1	491	1	492	1.72e-175	499
BPNJPA_13050	PKNJCI_08760	47.8	207	98	5	3	204	5	206	2.84e-53	166
BPNJPA_13075	GKNBCF_07930	45.2	398	215	2	220	614	46	443	1.15e-102	318
BPNJPA_13090	IDAAGF_01625	49.7	495	210	9	3	488	277	741	1.95e-164	479
BPNJPA_13110	NIJAON_03930	39.9	288	164	3	1	279	1	288	1.33e-71	219
BPNJPA_13120	OKHOCL_06405	52.7	421	178	7	7	421	3	408	2.89e-139	401
BPNJPA_13125	HJGNEK_19380	60.5	276	109	0	5	280	39	314	3.75e-120	343
BPNJPA_13130	NKCJOK_06160	53.6	740	331	5	2	730	21	759	3.41e-281	787
BPNJPA_13130	NMDBHH_21210	33.2	659	365	18	2	591	3	655	9.62e-94	305
BPNJPA_13155	NGIBDE_08595	34.6	431	279	3	2	431	40	468	9.01e-83	259
BPNJPA_13155	GKLKJE_14420	34.7	447	280	6	7	447	6	446	2.31e-65	213
BPNJPA_13155	OMINCF_06730	35.6	357	221	4	10	362	5	356	8.92e-54	182
BPNJPA_13155	ADMHII_00410	45.7	208	111	2	1	207	1	207	1.26e-52	172
BPNJPA_13160	NOJFKC_07490	41.3	196	112	2	12	206	10	203	6.76e-48	152
BPNJPA_13165	FPHNOE_08970	48.8	254	129	1	1	253	1	254	3.13e-80	238
BPNJPA_13165	LDGBGO_07050	36.1	252	160	1	1	251	1	252	1.57e-45	150
BPNJPA_13170	PJGAFD_01490	66.7	207	66	1	12	215	8	214	1.42e-87	254
BPNJPA_13175	MPNMPI_05465	50.0	390	192	3	5	392	2	390	5.19e-123	358
BPNJPA_13180	GLPEDO_16060	64.0	803	198	4	1	714	1	801	0.0	949
BPNJPA_13185	BKMNND_09895	51.0	296	142	2	1	294	1	295	1.18e-98	289
BPNJPA_13290	PDFOOG_03610	53.2	333	153	2	7	338	4	334	1.75e-124	357
BPNJPA_13295	CPHDEA_10650	47.7	300	157	0	1	300	1	300	4.02e-103	300
BPNJPA_13315	MGCPIK_04525	66.7	396	124	2	4	392	7	401	2.21e-195	541
BPNJPA_13320	KIDMEI_02510	75.1	237	58	1	1	237	1	236	1.42e-137	382
BPNJPA_13325	CJHDOF_08685	35.0	423	257	7	14	433	9	416	5.19e-72	229
BPNJPA_13325	OEDLLD_01520	32.0	434	288	4	1	431	1	430	5.84e-69	222
BPNJPA_13325	OHAPKC_02295	37.2	274	163	4	168	435	16	286	8.93e-53	175
BPNJPA_13345	ALPCKE_15910	33.6	333	204	6	6	330	2	325	5.73e-50	166
BPNJPA_13355	IAJJHN_03140	52.5	316	148	2	3	316	1	316	5.29e-113	327
BPNJPA_13390	JFOKOO_04980	56.6	205	85	2	2	206	37	237	1.42e-66	206
BPNJPA_13395	GNBPPJ_17065	39.6	298	174	4	1	293	10	306	6.61e-60	197
BPNJPA_13400	KDFPIB_25095	39.6	283	170	1	1	283	1	282	1.80e-66	206
BPNJPA_13420	AEGBGH_07565	71.7	127	35	1	5	130	12	138	7.56e-60	177
BPNJPA_13425	LPAOAJ_05615	82.1	140	25	0	1	140	61	200	1.73e-83	240
BPNJPA_13435	CPMPBM_01325	54.9	275	121	2	1	273	1093	1366	2.71e-93	296
BPNJPA_13435	BDFMEP_04085	39.6	273	152	3	1	273	1	260	2.08e-66	204
BPNJPA_13445	POKEEB_12070	45.5	314	163	4	5	313	2	312	3.71e-87	261
BPNJPA_13450	MNNBJI_10430	45.7	311	167	2	5	314	2	311	9.08e-95	280
BPNJPA_13455	FOOLJF_09805	69.4	376	115	0	1	376	1	376	1.48e-130	375
BPNJPA_13460	GMHKEG_18370	44.9	254	132	4	1	249	1	251	4.45e-79	235
BPNJPA_13470	GOBLEJ_10390	74.5	149	38	0	1	149	67	215	2.88e-79	230
BPNJPA_13490	OEDLLD_08805	44.3	531	288	2	54	580	200	726	2.55e-148	441
BPNJPA_13490	JAFONP_12205	34.0	579	372	3	4	578	33	605	3.66e-108	333
BPNJPA_13490	KAJCKN_09590	33.3	486	316	3	96	577	88	569	2.37e-82	265
BPNJPA_13490	KMMJBO_11065	26.0	611	403	7	10	578	2	605	6.60e-63	214
BPNJPA_13490	MGCPIK_11245	41.9	253	139	2	331	576	25	276	2.40e-58	193
BPNJPA_13490	NDBPJJ_01855	27.2	562	378	13	7	547	10	561	9.85e-53	185
BPNJPA_13495	KMMJBO_11065	53.0	606	248	3	1	570	1	605	7.61e-202	574
BPNJPA_13495	KAJCKN_09590	36.8	571	356	3	1	569	2	569	9.59e-122	367
BPNJPA_13495	OEDLLD_08805	30.4	523	362	2	48	570	204	724	4.39e-64	219
BPNJPA_13505	ACAFCJ_08195	40.6	313	175	6	3	308	57	365	1.95e-66	209
BPNJPA_13510	JIBNCO_04780	53.7	190	87	1	3	192	87	275	4.14e-62	191
BPNJPA_13515	LKAFFP_06110	40.6	362	214	1	11	371	8	369	1.93e-89	276
BPNJPA_13515	NNLPHK_08690	38.3	358	218	3	4	360	1	356	2.13e-77	246
BPNJPA_13515	FLJHGF_06385	32.0	359	237	4	7	363	2	355	9.93e-51	174
BPNJPA_13520	GBDDDA_04680	44.4	216	111	4	7	218	5	215	2.35e-54	169
BPNJPA_13520	DHFKBB_07845	40.8	213	119	4	8	218	9	216	1.04e-50	160
BPNJPA_13540	FPMAMI_13105	42.7	220	124	1	1	218	1	220	1.59e-58	181
BPNJPA_13545	PKNFGM_01310	59.0	451	148	3	9	423	14	463	3.80e-185	520
BPNJPA_13550	DBKLJG_08415	60.2	420	167	0	2	421	11	430	4.20e-182	511
BPNJPA_13575	GKLKJE_14420	43.5	448	248	2	1	447	5	448	1.75e-114	340
BPNJPA_13575	OMINCF_06730	32.3	436	288	3	1	433	1	432	6.09e-63	206
BPNJPA_13575	DIFDMH_04115	31.2	423	284	6	4	422	7	426	3.21e-61	202
BPNJPA_13575	NGIBDE_08595	29.3	443	309	2	2	442	45	485	4.75e-54	184
BPNJPA_13575	AIAJBN_07055	29.1	382	261	3	5	382	8	383	3.38e-45	159
BPNJPA_13585	CPMPBM_00160	38.1	485	293	5	6	487	5	485	1.55e-117	351
BPNJPA_13590	ECMPMP_08745	40.0	255	146	4	13	266	24	272	6.65e-53	172
BPNJPA_13595	OPDKDG_08630	47.9	217	109	4	44	259	1	214	3.19e-66	202
BPNJPA_13635	ADMHII_15160	60.4	217	84	1	1	215	36	252	2.35e-96	278
BPNJPA_13655	GBFPPP_01720	52.1	680	284	2	1	638	19	698	2.32e-248	698
BPNJPA_13675	OKNPEK_01685	58.1	577	242	0	10	586	40	616	1.75e-253	706
BPNJPA_13680	KGMLLG_02740	59.5	454	180	3	4	454	4	456	5.03e-192	539
BPNJPA_13685	EHHHNJ_06335	50.0	202	96	3	7	206	8	206	4.67e-51	161
BPNJPA_13720	NIIHOH_00330	69.6	296	86	1	1	292	377	672	2.50e-146	422
BPNJPA_13765	KOJDON_10340	44.3	201	111	1	5	205	3	202	7.40e-61	186
BPNJPA_13825	NIIHOH_00330	52.6	363	84	2	2	276	3	365	4.15e-120	355
BPNJPA_13830	ILEJOP_08300	45.9	183	96	3	8	188	47	228	1.33e-53	167
BPNJPA_13835	NIINMJ_13500	58.7	339	139	1	1	338	39	377	3.18e-144	409
BPNJPA_13840	AHFGAK_17940	49.1	405	196	7	4	403	3	402	7.45e-124	361
BPNJPA_13910	EIHNKJ_05190	52.4	269	114	2	154	408	67	335	2.94e-88	267
BPNJPA_13910	EAGKMD_04415	32.1	418	243	11	5	405	10	403	1.79e-53	180
BPNJPA_14010	ANJGBN_04410	38.8	327	180	6	24	346	16	326	4.89e-64	205
BPNJPA_14075	HGOKLA_01315	91.1	693	8	1	1	639	1	693	0.0	1233
BPNJPA_14075	PPPHGA_13940	28.3	657	396	11	6	612	15	646	6.50e-66	230
BPNJPA_14075	JIBNCO_01295	24.4	685	434	15	5	612	44	721	9.61e-54	192
BPNJPA_14075	FKJBDL_04740	24.6	679	434	13	2	613	49	716	3.58e-47	173
BPNJPA_14095	IGJONA_01105	37.9	343	195	8	5	337	5	339	1.72e-61	197
BPNJPA_14120	ENNKMM_11925	43.8	169	94	1	8	176	2	169	2.13e-44	152
BPNJPA_14135	DDAJHK_10035	59.7	134	54	0	16	149	4	137	1.68e-56	177
BPNJPA_14140	MEIOOM_03965	38.3	256	149	5	3	257	97	344	2.60e-49	162
BPNJPA_14155	CPMPBM_10790	60.9	637	242	5	13	646	10	642	8.22e-263	733
BPNJPA_14165	CGJECG_04975	51.1	319	153	1	1	316	1	319	8.30e-117	336
BPNJPA_14175	NPKNPB_15660	41.4	333	182	5	1	326	1	327	7.12e-82	248
BPNJPA_14180	MDJFIL_01580	53.3	152	68	3	544	694	1	150	5.89e-44	151
BPNJPA_14185	CHFKLB_07415	48.0	269	125	1	1	269	1	254	6.81e-83	246
BPNJPA_14195	FCCLFG_10765	39.1	458	248	7	24	469	4	442	6.62e-89	275
BPNJPA_14200	JOFPOO_08530	37.4	227	140	2	1	227	3	227	2.64e-46	150
BPNJPA_14210	CPMPBM_08260	65.0	389	132	3	3	391	2	386	6.82e-181	504
BPNJPA_14220	MDIEPL_01320	40.2	415	243	5	1	413	1	412	3.40e-99	299
BPNJPA_14225	JFOKOO_10320	52.4	164	77	1	1	163	1	164	7.93e-52	159
BPNJPA_14250	EDBAJH_12145	99.4	668	4	0	1	668	1	668	0.0	1359
BPNJPA_14255	CFIJDN_11005	59.4	207	84	0	6	212	6	212	1.34e-77	229
BPNJPA_14260	KGMLLG_02740	51.4	457	217	2	1	453	1	456	5.24e-159	454
BPNJPA_14265	OKNPEK_01685	52.5	579	271	3	1	577	32	608	4.42e-204	580
BPNJPA_14305	PPBGAG_04970	61.3	155	57	2	1	152	1	155	3.67e-64	190
BPNJPA_14310	NKLDCP_09645	51.7	383	182	2	5	385	6	387	8.00e-142	405
BPNJPA_14310	MNPOJG_01295	40.4	394	216	8	5	382	26	416	3.65e-92	280
BPNJPA_14330	FIODKN_16670	52.5	612	238	6	1	561	1	610	2.61e-218	616
BPNJPA_14375	AIOPCH_03715	27.8	424	272	7	136	533	89	504	2.26e-48	171
BPNJPA_14375	EOGDPL_27240	27.1	425	292	6	124	533	378	799	5.24e-45	166
BPNJPA_14380	GNBPPJ_17065	39.0	305	181	1	1	300	10	314	2.66e-62	204
BPNJPA_14385	PJAAIO_00225	50.8	608	281	7	91	689	16	614	2.13e-215	617
BPNJPA_14405	OBHHPC_05035	53.8	286	115	2	10	278	14	299	3.14e-105	304
BPNJPA_14405	FKNOEG_02840	36.5	277	170	4	3	278	2	273	4.54e-53	170
BPNJPA_14410	FFLAPM_17200	44.8	277	143	3	12	279	38	313	6.76e-75	228
BPNJPA_14415	BDJIAA_00195	42.3	482	232	6	2	441	3	480	2.07e-136	397
BPNJPA_14420	MFOGNL_22055	46.4	192	103	0	1	192	1	192	3.84e-62	190
BPNJPA_14425	JCMKKN_07165	46.2	260	134	3	1	259	1	255	8.66e-74	222
BPNJPA_14435	IADIMG_01355	54.6	346	156	1	3	348	29	373	6.58e-131	375
BPNJPA_14440	OACJHM_06000	46.6	457	235	3	12	468	22	469	1.01e-135	396
BPNJPA_14445	DANLCD_01670	56.8	454	139	3	1	397	1	454	3.09e-174	491
BPNJPA_14465	HAINKJ_00320	45.2	281	147	3	435	714	444	718	4.14e-66	228
BPNJPA_14465	FGCNNA_15325	40.9	313	176	5	409	713	446	757	6.48e-60	212
BPNJPA_14495	COAOJB_00535	52.1	194	88	3	1	191	1	192	1.70e-65	196
BPNJPA_14555	OLKGPM_09705	49.1	456	229	3	3	458	408	860	5.95e-147	437
BPNJPA_14565	KKMOGI_12335	36.3	413	235	8	8	395	37	446	1.30e-77	244
BPNJPA_14565	NLNKCD_09525	31.8	428	258	14	4	407	122	539	1.13e-56	193
BPNJPA_14565	CFELJI_12430	32.7	404	253	10	7	398	444	840	5.73e-54	189
BPNJPA_14565	PFNDEF_04205	30.4	404	257	9	20	403	362	761	7.62e-54	188
BPNJPA_14570	LFIBHA_14155	47.2	472	146	6	4	372	4	475	1.04e-137	397
BPNJPA_14575	DBPIFH_03400	81.8	400	73	0	1	400	1	400	4.65e-250	686
BPNJPA_14580	GNANIN_08310	62.1	282	103	3	5	283	9	289	2.40e-124	353
BPNJPA_14585	GJDIKO_00970	49.6	280	138	3	4	281	3	281	1.11e-98	287
BPNJPA_14590	MKABCP_07780	48.7	483	246	1	1	481	1	483	1.33e-167	478
BPNJPA_14620	FAIDMJ_00870	47.2	462	229	9	3	453	39	496	4.89e-129	379
BPNJPA_14625	NDBPJJ_01855	50.8	559	260	3	2	545	4	562	2.01e-176	506
BPNJPA_14625	OEDLLD_08805	35.6	292	185	2	263	551	409	700	8.21e-53	187
BPNJPA_14625	MGCPIK_11245	43.1	209	119	0	343	551	46	254	4.85e-51	173
BPNJPA_14625	KAJCKN_09590	34.8	244	156	1	311	551	303	546	3.67e-41	152
BPNJPA_14630	MGCPIK_11245	34.5	258	167	2	307	563	18	274	1.39e-44	156
BPNJPA_14630	OEDLLD_08805	26.1	498	342	6	84	566	237	723	5.23e-44	163
BPNJPA_14650	HIADJD_07200	56.8	609	257	2	4	606	2	610	1.62e-236	679
BPNJPA_14655	GBCGGE_06705	54.6	216	89	3	1	212	31	241	1.64e-79	235
BPNJPA_14700	FOLEJH_17180	44.1	313	165	2	2	306	8	318	5.90e-67	209
BPNJPA_14705	CCDOAK_00015	35.1	499	313	4	3	491	30	527	3.99e-94	292
BPNJPA_14705	IOBNAI_13140	48.2	220	112	1	279	496	1	220	4.71e-66	209
BPNJPA_14705	MIKFNA_15845	38.2	241	147	2	255	494	1	240	7.38e-49	164
BPNJPA_14715	IHGOGA_02000	38.3	303	174	5	3	295	4	303	2.50e-61	193
BPNJPA_14740	PMEPJL_13775	30.8	325	198	4	2	299	10	334	1.50e-46	161
BPNJPA_14750	NHIAMB_19525	70.3	431	126	2	1	431	108	536	7.39e-214	595
BPNJPA_14750	MDIEPL_13060	41.4	408	235	4	29	433	115	521	5.54e-108	325
BPNJPA_14760	FNBLEF_15250	85.9	291	41	0	1	291	84	374	8.69e-174	481
BPNJPA_14775	IIPEEC_05240	94.0	465	28	0	1	465	58	522	1.16e-316	857
BPNJPA_14775	CMLBML_04400	31.7	341	225	5	40	378	53	387	1.66e-46	163
BPNJPA_14780	PIHIOG_11205	34.2	313	179	5	1	291	1	308	5.25e-54	174
BPNJPA_14785	KAMEPO_10485	68.6	497	156	0	3	499	176	672	1.19e-239	672
BPNJPA_14805	EHMLDC_01085	49.1	228	99	5	1	218	6	226	7.44e-61	187
BPNJPA_14830	CIIHGC_07795	49.5	190	94	2	1	189	1	189	2.29e-55	177
BPNJPA_14840	ENNDNJ_08795	45.3	256	136	2	2	254	1	255	8.27e-78	232
BPNJPA_14845	HMNLEO_13705	53.0	149	62	3	5	146	15	162	3.76e-53	162
BPNJPA_14855	NEHECH_07515	52.4	368	174	1	2	369	44	410	4.67e-144	412
BPNJPA_14855	FKEMDL_01610	35.6	323	203	4	7	328	20	338	2.73e-67	214
BPNJPA_14865	MJLBJD_19950	46.2	346	184	2	1	346	1	344	6.09e-105	308
BPNJPA_14915	OCLNOI_00625	50.1	617	295	8	22	636	15	620	7.90e-217	616
BPNJPA_14915	ANGKFO_07170	37.5	594	341	9	18	604	134	704	6.48e-127	389
BPNJPA_14920	PCHHPE_15625	46.8	205	109	0	10	214	11	215	8.96e-62	192
BPNJPA_14955	EDBAJH_12145	55.3	358	159	1	577	934	310	666	1.63e-125	391
BPNJPA_14965	CACJBM_15755	44.6	404	187	5	13	388	2	396	6.28e-112	329
BPNJPA_14985	GOBLEJ_02435	41.5	335	176	6	7	334	32	353	1.64e-70	220
BPNJPA_14985	FKNOEG_01930	34.9	315	160	7	5	276	379	691	1.66e-44	159
BPNJPA_15065	FKNOEG_01930	68.1	656	201	1	17	664	92	747	0.0	889
BPNJPA_15095	ENNDNJ_17255	77.8	668	111	2	3	633	56	723	0.0	1036
BPNJPA_15105	LKIDNC_01490	55.4	280	120	2	1	280	429	703	7.37e-97	296
BPNJPA_15105	LKEOCB_10345	51.5	260	126	0	17	276	14	273	9.76e-81	241
BPNJPA_15110	LKIDNC_01490	50.7	383	184	4	1	380	1	381	3.54e-118	355
BPNJPA_15115	BDKJEH_07835	48.0	298	154	1	3	300	15	311	1.77e-98	288
BPNJPA_15145	AKJKEO_02605	51.1	323	144	2	2	310	3	325	1.28e-109	318
BPNJPA_15150	EOAKDK_06005	71.3	181	46	2	1	181	36	210	5.17e-93	266
BPNJPA_15225	GCBDME_20340	48.9	278	139	1	1	278	1	275	5.03e-87	257
BPNJPA_15235	AEGBGH_08240	45.9	268	143	2	1	267	1	267	9.89e-72	223
BPNJPA_15240	LHMIFE_00135	77.3	331	73	1	1	331	15	343	1.39e-187	517
BPNJPA_15270	OFOEJC_06820	35.2	293	187	2	2	293	4	294	1.54e-60	191
BPNJPA_15280	CNNHAB_09490	55.0	191	80	3	1	190	1	186	3.96e-65	195
BPNJPA_15285	NIIHOH_23285	51.5	567	170	7	1	471	1	558	3.78e-186	528
BPNJPA_15285	MKABCP_07780	29.0	489	310	7	4	471	11	483	1.53e-62	207
BPNJPA_15355	CEPJKO_06160	42.4	276	152	2	1	276	1	269	4.39e-73	221
BPNJPA_15360	OOFIDG_04160	45.1	215	117	1	4	218	4	217	2.94e-53	167
BPNJPA_15365	EDPPFC_05720	40.7	243	136	4	4	245	7	242	3.06e-55	177
BPNJPA_15370	MAHJHN_07515	52.6	302	136	2	1	297	1	300	8.97e-111	320
BPNJPA_15380	ECLNLI_04625	58.0	181	76	0	4	184	24	204	2.72e-75	222
BPNJPA_15385	MCCICN_05395	53.2	280	130	1	2	281	1	279	2.25e-101	294
BPNJPA_15395	GJDIKO_00030	51.4	806	385	3	8	811	7	807	1.42e-287	810
BPNJPA_15395	CIIHGC_05655	40.1	679	365	9	7	660	3	664	5.56e-154	469
BPNJPA_15395	EHJFJN_05890	32.6	687	426	15	17	696	8	664	7.31e-98	317
BPNJPA_15400	IDJOEI_11860	71.9	739	109	4	6	645	9	747	0.0	1017
BPNJPA_15400	NLLOJM_03475	32.6	663	407	12	12	645	7	658	6.83e-101	318
BPNJPA_15405	IBIBLP_21290	59.6	361	146	0	1	361	54	414	1.79e-158	447
BPNJPA_15415	EEOPDA_06730	50.4	371	181	2	1	368	1	371	1.52e-129	372
BPNJPA_15415	LMJHIN_04880	39.0	364	218	4	1	363	1	361	2.05e-85	259
BPNJPA_15415	IMLPOL_04765	34.3	370	239	4	1	367	1	369	1.57e-70	221
BPNJPA_15420	JDIFCN_08180	43.9	471	222	9	8	453	7	460	3.40e-118	350
BPNJPA_15440	OGFCAC_09480	39.2	434	240	10	14	426	12	442	4.37e-80	251
BPNJPA_15445	CAHMAH_16055	46.9	260	81	4	5	261	4	209	4.63e-68	206
BPNJPA_15450	ODHFDB_12125	44.6	487	236	5	3	458	10	493	7.11e-137	399
BPNJPA_15450	EKDKGG_09510	42.4	337	190	3	4	336	2	338	9.00e-81	254
BPNJPA_15455	PNJNHA_07840	50.2	617	271	8	16	630	15	597	2.61e-190	546
BPNJPA_15460	LKEOCB_18790	46.7	227	119	2	10	236	10	234	2.14e-67	204
BPNJPA_15470	MEIOOM_03965	51.2	250	122	0	1	250	95	344	1.28e-92	273
BPNJPA_15485	NJNCGO_16320	81.9	425	77	0	1	425	61	485	1.70e-257	704
BPNJPA_15485	BEHLNB_17435	35.9	432	263	6	1	425	28	452	2.62e-78	246
BPNJPA_15490	LHMIFE_14015	55.8	292	126	3	1	291	1	290	1.72e-118	338
BPNJPA_15500	MNPOJG_03675	35.4	401	190	4	51	385	25	422	2.80e-68	218
BPNJPA_15530	NGMOPK_00295	36.2	616	348	6	1	576	1	611	4.27e-120	366
BPNJPA_15535	MPNMPI_08435	38.9	683	384	10	115	772	3	677	3.83e-149	450
BPNJPA_15535	ENNDNJ_02705	26.6	817	483	21	3	750	8	776	3.50e-65	228
BPNJPA_15540	KMEKFL_12295	51.6	188	88	1	1	185	21	208	3.00e-54	168
BPNJPA_15755	LKLDMN_19325	42.7	220	121	3	4	223	3	217	1.89e-53	169
BPNJPA_15765	PHBJAG_07175	39.9	223	129	3	2	219	3	225	2.25e-55	173
BPNJPA_15790	EAGKMD_04415	35.8	413	229	12	5	401	10	402	2.80e-62	203
BPNJPA_15790	EIHNKJ_05190	42.2	218	124	2	178	394	109	325	1.58e-51	172
